0;0;1.0
1;1;1.0
2;2;1.0
3;3;1.0
3;537;-4.78e-07
4;4;1.0
4;237;-122.4
5;5;1.0
5;238;-122.4
6;6;1.0
6;236;-122.4
7;7;1.0
7;235;-122.4
8;8;1.0
8;385;-2.3824359378088957e-10
8;386;-2.642745211311632e-10
8;387;-2.3360841947315784e-10
8;389;-2.5563792772878314e-10
9;9;1.0
10;10;1.0
11;11;1.0
12;12;1.0
12;385;-3.573653906713343e-08
12;386;-3.964117816967447e-08
12;387;-3.504126292097367e-08
12;389;-3.834568915931747e-08
13;13;1.0
14;14;1.0
15;15;1.0
16;16;1.0
17;17;1.0
18;18;1.0
19;19;1.0
19;537;-0.06
20;20;1.0
20;300;-0.0058
20;302;-0.00587649940031996
20;304;-0.00587649940031996
20;306;-0.0058
20;492;-0.00018385650224215247
20;493;-0.00018721461187214613
21;21;1.0
22;22;1.0
22;167;-0.00106799809796
22;169;-0.005122917
22;234;-0.0069264
23;23;1.0
24;24;1.0
24;601;-4.58e-06
25;25;1.0
25;344;-0.3725
26;26;1.0
26;37;-0.12916952642415921
27;27;1.0
27;37;-0.13150308853809195
28;28;1.0
28;164;-0.012598425196850395
29;29;1.0
30;30;1.0
31;31;1.0
32;32;1.0
32;537;-0.00042
33;33;1.0
33;601;-0.000129
34;34;1.0
34;537;-0.3
35;35;1.0
35;537;-0.006
36;36;1.0
37;37;1.0
38;38;1.0
39;39;1.0
40;40;1.0
41;41;1.0
42;42;1.0
43;43;1.0
44;44;1.0
45;45;1.0
45;385;-9.529970089439819e-08
45;386;-1.057123191357365e-07
45;387;-9.344558713582851e-08
45;389;-1.0225759972468566e-07
46;46;1.0
47;47;1.0
48;48;1.0
49;49;1.0
49;385;-2.382435937808895e-12
49;386;-2.642745211311632e-12
49;387;-2.336084194731578e-12
49;389;-2.556379277287831e-12
50;50;1.0
50;54;-1.00057
51;51;1.0
51;55;-1.00057
52;52;1.0
52;56;-1.00057
53;53;1.0
53;57;-1.00057
54;54;1.0
55;55;1.0
56;56;1.0
57;57;1.0
58;58;1.0
59;59;1.0
59;407;-1.0
60;60;1.0
60;537;-0.009
61;61;1.0
61;385;-1.6677504241070746e-07
61;386;-1.849971861583567e-07
61;387;-1.6353033232434125e-07
61;389;-1.7895140667649304e-07
62;62;1.0
63;63;1.0
64;64;1.0
65;4;-0.06931778213579072
65;6;-0.06953552895201975
65;65;1.0
65;228;-19.58557
65;229;-19.58557
65;230;-10.6899
65;231;-10.68991
65;385;-0.05124742496104852
65;387;-0.051343058496715124
66;66;1.0
66;601;-0.000223
67;67;1.0
67;537;-3.0
67;538;-0.000653640049533347
67;542;-0.000508148594987174
68;68;1.0
68;96;-1.0
69;69;1.0
70;70;1.0
71;71;1.0
72;72;1.0
72;167;-2.11732400142e-08
72;169;-1.5694e-06
73;73;1.0
73;167;-2.01575130766e-09
73;169;-1.533e-08
74;74;1.0
74;167;-9.88171659534e-09
74;169;-9.7935e-09
75;75;1.0
75;538;-0.0297397474507605
75;539;-0.00143931567462651
75;540;-0.0175140914957901
75;541;-0.00260048269822135
75;542;-0.00220627118232632
76;76;1.0
76;538;-7.02038220839227e-06
76;542;-0.000623529044011057
77;77;1.0
77;538;-0.00256785793715849
77;540;-0.0134747041131238
77;542;-0.00215716032667506
78;78;1.0
78;537;-0.6
79;79;1.0
79;169;-7.9843e-05
80;6;-0.004903199101220616
80;7;-0.07489031753632377
80;80;1.0
80;164;-0.001629106706489275
80;165;-0.7020408163265306
80;303;-0.207
80;305;-0.207
80;387;-0.02175382227891314
80;389;-0.07435244822059708
80;507;-12.5
80;538;-0.0433926653724011
80;539;-0.00261228258157648
80;540;-0.0253682826353956
80;541;-0.012542626856651
80;542;-0.0371539117246167
80;573;-4e-05
80;576;-0.05775
80;579;-11.0
80;601;-2.456
80;961;-0.18333000000000002
80;962;-0.062407
80;964;-0.01756756756756757
81;81;1.0
81;167;-0.00457596291013
81;169;-0.029804
81;234;-18.024
81;538;-0.149805036939872
81;539;-0.0131121774826084
81;540;-0.176057542418772
81;541;-0.0290607556282174
81;542;-0.0272025151945315
82;82;1.0
82;538;-0.0136909761396828
82;539;-0.0121994752581018
82;540;-0.0105195186936715
82;541;-0.0799084697229961
82;542;-0.00470890944461147
82;1044;-0.00026
83;53;-0.8944444444444442
83;83;1.0
83;136;-1.82
83;137;-0.06
83;167;-1.7069066666666668
83;168;-1.9433333333333334
83;169;-1.6674166666666665
83;423;-1.9066666666666667
83;492;-4.021359605205234
83;498;-1.0
83;538;-0.008993995506775
83;539;-0.00182653273671102
83;540;-0.00123045025896688
83;541;-0.00243212513081486
83;542;-0.00293737770579627
83;1045;-5.3592
84;4;-0.004903199101220616
84;5;-0.07403558230941645
84;50;-1.441759164
84;51;-2.6147445803355693
84;52;-0.904373161028313
84;84;1.0
84;226;-21.1966
84;227;-21.1966
84;228;-1.5237
84;229;-1.5237
84;230;-7.9364
84;231;-7.936385
84;232;-18.62
84;233;-18.62614
84;294;-1.386149e-05
84;385;-0.021570374032723553
84;386;-0.07429430434913233
84;492;-1.3713596052052344
84;493;-2.771935886930641
84;538;-0.878738609280462
84;539;-1.23045321291601
84;540;-0.00123253836746408
84;542;-0.168499030742732
84;1045;-3.4083419999999993
85;85;1.0
85;538;-0.00193614834770559
85;542;-0.00125163285904052
86;86;1.0
86;498;-0.021
86;538;-0.016295430427857
86;539;-0.00127678507655295
86;540;-0.00281709975384097
86;542;-0.00375831909354023
87;87;1.0
87;192;-0.7444
87;193;-0.16621848739495798
87;194;-0.21368817204301077
87;197;-0.05110630110630111
87;593;-7.140000000000001
88;88;1.0
88;385;-5.003206004680376e-07
88;386;-5.549865371085275e-07
88;387;-4.905865582798929e-07
88;389;-5.368493627631341e-07
88;507;-0.018145833333333333
88;574;-0.0026807228915662652
88;601;-0.0005529
88;964;-0.01891891891891892
88;1025;-0.01969387755102041
89;89;1.0
90;90;1.0
90;538;-0.00108630715115178
90;542;-0.000744766860839538
91;91;1.0
92;92;1.0
92;424;-0.875
93;93;1.0
93;538;-0.00305308259101963
93;542;-0.000517184165671171
94;94;1.0
94;407;-1.0
95;95;1.0
95;96;-1.0
96;96;1.0
97;37;-0.05600549073438572
97;97;1.0
98;37;-0.3891557995881949
98;98;1.0
99;37;-0.03129718599862732
99;99;1.0
100;100;1.0
100;146;-4.3
100;147;-7.533333333333333
101;101;1.0
101;146;-1.0
101;147;-1.0
102;102;1.0
102;540;-0.00481149718886945
103;103;1.0
103;540;-0.00141700848828484
104;104;1.0
104;537;-6.0
104;538;-0.00107273937169882
104;540;-0.00245437021050929
104;542;-0.000701237095408489
105;105;1.0
105;608;-0.000669415878263252
105;626;-0.000538805919375552
105;632;-0.0016725901857512168
106;106;1.0
106;169;-3.9735e-05
107;107;1.0
108;108;1.0
109;109;1.0
110;110;1.0
110;167;1.318800077266e-06
110;169;-7.1273e-06
111;111;1.0
112;112;1.0
113;113;1.0
114;114;1.0
114;167;-1.05515929624e-06
114;169;-6.4969e-06
115;115;1.0
115;167;-1.07334759867e-06
115;169;-9.8295e-07
115;537;-0.0006
116;116;1.0
116;539;-0.00262508454019263
117;117;1.0
117;169;-1.796e-05
118;118;1.0
118;538;-0.0413870560807596
118;539;-0.0035338724592215
118;540;-0.0069496099735872
118;541;-0.00197956960707546
118;542;-0.00284985039732383
119;119;1.0
119;538;-0.0280487294968274
119;539;-0.00370502184441226
119;540;-0.677701920929581
119;541;-0.00615433103522515
119;542;-0.00340080575468063
120;94;-0.2405002405002405
120;120;1.0
121;121;1.0
121;521;-0.0047
121;522;-0.0047
121;523;-0.0047
122;122;1.0
123;123;1.0
124;124;1.0
125;125;1.0
125;167;3.025853177007e-06
125;169;3.7361e-07
126;126;1.0
126;521;-0.024
126;522;-0.024
126;523;-0.024
127;127;1.0
127;167;-2.03084878745e-07
127;169;-9.8287e-07
128;128;1.0
128;167;-1.76319543509e-06
128;169;-7.3036e-07
129;129;1.0
129;384;-1.02459
130;130;1.0
131;131;1.0
132;132;1.0
133;133;1.0
133;167;-1.78329035444e-05
133;169;-5.9749999999999995e-06
134;134;1.0
134;537;-0.3
135;135;1.0
135;169;-2.0488e-06
136;136;1.0
136;529;-1.00057
137;137;1.0
137;530;-1.00057
138;138;1.0
138;169;-4.1391e-06
139;139;1.0
139;169;-0.0001166
140;140;1.0
140;406;-0.0027881040892193307
141;129;-3.685199999999999e-05
141;141;1.0
141;167;-0.0006582048000000001
141;169;-3.026373626373626e-06
141;385;-2.3824359378088956e-08
141;386;-2.642745211311632e-08
141;387;-2.336084194731578e-08
141;389;-2.5563792772878316e-08
142;142;1.0
143;143;1.0
144;144;1.0
145;96;-1.0
145;145;1.0
146;146;1.0
147;147;1.0
148;96;-1.0
148;148;1.0
149;37;-0.21153054221002057
149;149;1.0
150;150;1.0
150;407;-1.0
151;151;1.0
151;538;-0.029230581652662
151;539;-0.00241061645721254
151;540;-0.00480090687595465
151;542;-0.00193165614277739
152;152;1.0
152;167;-22.080000000000002
152;168;-13.6
152;169;-25.219780219780215
152;423;-39.6
152;492;-55.5
152;493;-55.5
152;538;-23.7954065953778
152;539;-0.0300510967008486
152;540;-0.116199895315208
152;541;-0.0314588611420143
152;542;-18.2632583940266
153;153;1.0
153;538;-0.00259178733538646
153;542;-0.00199953466502585
154;154;1.0
154;538;-0.232543924271775
154;539;-0.0148954208246597
154;540;-0.0202994118315156
154;541;-0.005890322204806
154;542;-0.0108739088105711
155;155;1.0
155;538;-0.247542730884833
155;539;-0.0231092268615785
155;540;-0.044366261423702
155;541;-0.0103251934529385
155;542;-0.0173753936335754
156;156;1.0
156;344;-0.5997029945432004
157;157;1.0
158;158;1.0
159;159;1.0
160;160;1.0
161;161;1.0
162;162;1.0
163;163;1.0
164;164;1.0
164;181;-14.71034758290052
165;165;1.0
165;170;-2.912
165;171;-6.281948881789138
166;166;1.0
166;383;-1.0246
167;129;-3.1059556159420287
167;167;1.0
168;50;-2.2084524
168;168;1.0
169;166;-2.18435998252512
169;169;1.0
170;170;1.0
170;176;-0.9796019900497513
171;170;-1.252
171;171;1.0
172;172;1.0
172;182;-1.497373829641471
173;173;1.0
173;177;-1.001085383502171
174;174;1.0
174;180;-0.9892787524366471
175;87;-1.0
175;175;1.0
176;176;1.0
176;184;-0.9203296703296702
177;177;1.0
177;179;-0.9949658396260337
178;173;-1.6230574629562702
178;178;1.0
179;179;1.0
179;185;-1.0
180;175;-1.026
180;180;1.0
181;171;-1.9992012779552717
181;181;1.0
182;178;-0.9750612335782676
182;182;1.0
183;181;-1.1106671993607669
183;183;1.0
184;174;-1.0758620689655174
184;184;1.0
185;183;-1.0
185;185;1.0
186;92;-1.93e-09
186;186;1.0
187;187;1.0
187;537;-0.003
188;188;1.0
188;385;-2.3824359378088956e-08
188;386;-2.642745211311632e-08
188;387;-2.336084194731578e-08
188;389;-2.5563792772878316e-08
189;189;1.0
190;190;1.0
191;191;1.0
192;192;1.0
193;193;1.0
194;194;1.0
195;195;1.0
196;196;1.0
196;538;-0.028379845541182
196;539;-0.0223117148423697
196;540;-0.00560663811036754
196;541;-0.00669075634815209
196;542;-0.00695589502098617
197;197;1.0
197;407;-1.0
198;198;1.0
198;540;-0.00640857232067048
199;199;1.0
199;538;-0.0261283676348811
199;539;-0.0303506736402275
199;540;-0.00661657608854424
199;541;-0.208865936496059
199;542;-0.00299236352750271
200;136;-6.7e-12
200;137;-6.7e-12
200;200;1.0
201;201;1.0
202;167;-0.000136718927174
202;202;1.0
203;203;1.0
203;538;-0.00181916983795653
203;540;-0.00222385762236662
203;542;-0.00159953640584049
204;204;1.0
204;538;-0.157092350103479
204;539;-0.00622539004691176
204;540;-0.055398762787398
204;541;-0.0274264856170779
204;542;-0.12523145536307
205;192;-0.07352941176470588
205;205;1.0
206;120;-4.68
206;136;-3.6416023188405786
206;137;-3.6416023188405786
206;206;1.0
206;270;-1.5
206;393;-12.5
206;538;-0.0137777054589322
206;540;-0.00654774431206111
206;541;-0.0025781936629071
206;542;-0.0110946937723843
206;608;-0.00471501618602812
206;626;-0.00379506777994954
206;632;-0.011780852612682483
206;881;-15.73
207;207;1.0
207;540;-7.09651371828812
207;541;-0.198242131381556
208;208;1.0
208;538;-0.0217927815515292
208;539;-3.53154920467617
208;540;-0.00413344598730038
208;541;-3.89351138493936
208;542;-15.9187731354229
209;209;1.0
209;538;-0.00290175254453052
209;540;-0.0011229332118067
209;542;-0.00237737514445909
210;210;1.0
210;538;-0.00164387905043985
210;539;-0.00250699919896688
210;540;-0.00174956535632019
210;541;-0.00306020818511706
210;542;-0.00109245709612085
211;211;1.0
211;538;-0.00571206502210416
211;540;-1.86908896837008
211;542;-0.00126028339690803
212;212;1.0
213;213;1.0
214;214;1.0
215;215;1.0
216;216;1.0
217;217;1.0
218;218;1.0
218;537;-0.003
219;219;1.0
220;220;1.0
221;221;1.0
222;222;1.0
222;601;-0.000695
223;223;1.0
223;234;-0.0103752
224;224;1.0
224;235;-1.6931e-07
224;236;-1.6931e-07
224;237;-1.6931e-07
224;238;-1.6931e-07
224;239;-1.6931e-07
224;240;-1.6931e-07
224;241;-1.6931e-07
224;242;-1.6931e-07
224;243;-1.6931e-07
224;244;-1.6931e-07
224;245;-1.6931e-07
224;246;-1.6931e-07
224;247;-1.6931e-07
224;248;-1.6931e-07
224;249;-1.6931e-07
224;250;-1.6931e-07
224;251;-1.6931e-07
224;252;-1.6931e-07
225;58;-4.399393000000001e-09
225;225;1.0
225;294;-4.399393000000001e-09
225;492;-5.213004484304932e-06
225;493;-5.308219178082192e-06
225;601;-1.176e-06
226;226;1.0
226;245;-1.02
227;227;1.0
227;246;-1.02
228;228;1.0
228;247;-1.02
229;229;1.0
229;248;-1.02
230;230;1.0
230;249;-1.02
231;231;1.0
231;250;-1.02
232;232;1.0
232;251;-1.02
233;233;1.0
233;252;-1.02
234;234;1.0
234;243;-1.02
235;235;1.0
236;236;1.0
237;237;1.0
238;238;1.0
239;239;1.0
240;240;1.0
241;241;1.0
242;242;1.0
243;243;1.0
244;244;1.0
245;245;1.0
246;246;1.0
247;247;1.0
248;248;1.0
249;249;1.0
250;250;1.0
251;251;1.0
252;252;1.0
253;253;1.0
253;538;-0.0110994524930319
253;540;-0.00154437743655919
253;542;-0.00117812433280683
254;254;1.0
254;538;-0.367488613088296
254;539;-0.0264742623426067
254;540;-0.0481944969103818
254;541;-0.013113881469544
254;542;-0.0198673545538969
255;255;1.0
255;538;-0.306744984291469
255;539;-0.0320925813317704
255;540;-0.0680328030345779
255;541;-0.0175054410874171
255;542;-0.0259878960887963
256;169;-5.2152e-05
256;256;1.0
257;257;1.0
257;538;-0.00195612901423388
257;540;-0.00277743618252939
257;541;-0.00451669497444966
257;542;-0.00153491628692993
258;258;1.0
258;270;-0.019
259;259;1.0
259;540;-0.00120326516269508
260;260;1.0
260;537;-0.18
261;169;-2.0488e-06
261;261;1.0
262;262;1.0
262;604;-1.2418464626191672e-06
263;263;1.0
264;264;1.0
265;265;1.0
266;167;1.93466221172e-07
266;169;-1.2601e-07
266;266;1.0
267;267;1.0
267;604;-4.80849640408095e-06
268;167;-1.01200665716e-08
268;169;-2.0447e-08
268;268;1.0
269;167;-3.35419638612e-07
269;169;-8.8442e-08
269;269;1.0
270;98;-0.87
270;270;1.0
271;271;1.0
271;612;-0.0006893106004447739
271;613;-0.1055414191739782
271;614;-0.07160819148241981
271;615;-0.0246438646485755
271;616;-0.02136918144074027
272;270;-0.1
272;272;1.0
273;273;1.0
273;407;-0.08450832732082732
274;274;1.0
274;540;-0.00561531807377424
275;275;1.0
275;537;-0.12
276;276;1.0
276;537;-0.003
277;277;1.0
277;407;-1.0
278;278;1.0
278;385;-7.147534151630925e-12
278;386;-7.92848670226202e-12
278;387;-7.008474518851273e-12
278;389;-7.669380695180736e-12
279;279;1.0
280;280;1.0
281;281;1.0
282;167;2.4576541845e-09
282;169;4.1133e-10
282;282;1.0
283;167;-1.2854850214e-10
283;169;-1.9653e-11
283;283;1.0
284;167;-3.23472420352e-09
284;169;-1.6897e-11
284;284;1.0
285;169;-8.4437e-05
285;285;1.0
286;169;-5.1523e-05
286;286;1.0
287;169;-5.2152e-07
287;287;1.0
288;288;1.0
288;537;-0.06
289;289;1.0
289;385;-4.7650982138220293e-07
289;386;-5.285741490950388e-07
289;387;-4.6723903241196954e-07
289;389;-5.113001417892905e-07
289;507;-0.0036875
289;541;-0.00257130549144705
289;574;-7.981927710843374e-05
289;601;-0.00727
289;964;-0.20945945945945946
290;290;1.0
291;291;1.0
291;540;-0.00299915118010498
292;292;1.0
293;58;-0.00030042000000000003
293;129;-2.59e-05
293;293;1.0
293;294;-0.00030042000000000003
293;492;-0.00042869955156950664
293;493;-0.00043652968036529677
294;294;1.0
295;295;1.0
296;296;1.0
297;297;1.0
298;298;1.0
298;492;-8.968609865470851e-06
298;493;-9.132420091324201e-06
299;99;-0.4
299;299;1.0
300;300;1.0
300;301;-0.95
301;301;1.0
301;501;-0.95
302;302;1.0
302;303;-0.949
303;303;1.0
303;502;-0.95
304;304;1.0
304;305;-0.949
305;305;1.0
305;503;-0.95
306;306;1.0
306;307;-0.949
307;307;1.0
307;504;-0.95
308;120;-0.000482
308;308;1.0
308;541;-0.00120035094607644
308;881;-0.0144
309;309;1.0
310;310;1.0
311;311;1.0
312;169;-0.00013363
312;312;1.0
313;313;1.0
314;314;1.0
315;315;1.0
316;167;2.85014021636e-07
316;169;-1.2883e-06
316;316;1.0
317;167;-3.07120779838e-11
317;317;1.0
318;167;-9.28138373752e-07
318;169;-6.6466e-07
318;318;1.0
319;167;-0.0345622119996
319;169;-0.069572454
319;319;1.0
320;58;-1.2042e-06
320;164;-0.007428726581591095
320;165;-3.4406307977736557
320;294;-1.2042e-06
320;320;1.0
320;533;-0.019
320;962;-0.0015
321;4;-2.499726818015787e-05
321;5;-2.499726818015787e-05
321;6;-2.499726818015787e-05
321;7;-2.499726818015787e-05
321;165;-0.009990723562152134
321;321;1.0
321;385;-4.264664444251872e-06
321;386;-4.730629419678298e-06
321;387;-4.181692798511533e-06
321;389;-4.576030623471149e-06
321;507;-0.017645833333333333
321;573;-0.00013800000000000002
321;574;-0.00024698795180722895
321;601;-0.00708
322;322;1.0
323;167;-0.000216131716595
323;169;-0.00030220239
323;323;1.0
324;324;1.0
324;538;-2.25563122946371e-05
324;542;-0.00112113676833538
325;325;1.0
325;538;-9.15427765394306
325;539;-0.659156389588604
325;540;-1.19921183562428
325;541;-0.326560732415611
325;542;-0.494586990580956
326;326;1.0
326;498;-4.9999999999999996e-05
326;538;-0.000608250168842781
326;542;-0.000469432075716452
327;167;-0.5959
327;169;-3.58
327;327;1.0
327;538;-0.000640342885946522
327;542;-0.000494415776941585
328;328;1.0
328;1000;-3330.0
329;329;1.0
329;540;-0.00450030354052496
330;330;1.0
330;538;-2.20591069683144
330;539;-0.00109923138846146
330;540;-0.00155582395722054
330;542;-1.69592765886261
331;331;1.0
331;538;-0.00828384435315468
331;539;-0.00281362942100529
331;540;-0.0138828142427247
331;542;-0.00179841080721048
332;200;-1120000.0
332;332;1.0
332;540;-0.00145604107339675
332;566;-0.01874
332;570;-0.001
332;601;-0.0158
332;1010;-0.024390243902439025
333;333;1.0
333;522;-1.7060578978245007e-06
333;523;-2.3569299555983307e-06
333;540;-0.00196238011012133
333;613;-2.203331168911998e-10
333;614;-1.039978926150609e-10
333;615;-1.513059157704539e-10
333;616;-2.549758099494904e-10
334;334;1.0
334;538;-0.0398738380574056
334;542;-0.0306678091550663
335;335;1.0
335;538;-0.00243015790847698
335;542;-0.00217549792395151
336;336;1.0
336;524;-1.0
336;538;-0.0252954512587566
336;540;-0.0157097043766782
336;541;-0.00401672646546744
336;542;-0.0201241134900112
337;96;-1.0
337;337;1.0
338;338;1.0
338;538;-0.00341453874489795
338;540;-0.00107306247513933
338;542;-0.000943475243847957
339;339;1.0
340;340;1.0
340;385;-2.3824359378088958e-09
340;386;-2.642745211311632e-09
340;387;-2.336084194731578e-09
340;389;-2.5563792772878314e-09
341;341;1.0
342;342;1.0
343;343;1.0
344;344;1.0
345;345;1.0
345;597;-2.969221894193898e-06
346;346;1.0
346;597;-2.969221894193898e-06
347;347;1.0
347;597;-0.0185
348;348;1.0
348;597;-8.189734418612424e-06
349;349;1.0
349;385;-4.765098213822029e-08
349;386;-5.285741490950388e-08
349;387;-4.6723903241196954e-08
349;389;-5.1130014178929046e-08
349;522;-8.906030000000001e-05
349;523;-2.70908e-05
349;640;-5e-05
350;350;1.0
351;351;1.0
352;352;1.0
353;353;1.0
353;573;-0.005
354;354;1.0
354;537;-0.0148
354;540;-0.00135157812041046
355;355;1.0
355;522;-0.0008628824000000001
355;523;-0.0002624903
355;640;-0.0001
356;356;1.0
356;385;-2.859104195934065e-07
356;386;-3.171495108235658e-07
356;387;-2.803478581403125e-07
356;389;-3.067849423399191e-07
357;357;1.0
358;358;1.0
359;359;1.0
360;270;-0.032
360;360;1.0
361;167;-1.09991678554e-05
361;169;-7.1032e-05
361;361;1.0
362;362;1.0
362;540;-0.00171401939901084
363;167;-4.88290537328e-05
363;169;-0.00021311
363;363;1.0
364;167;-3.179148835e-05
364;169;-4.1866e-05
364;364;1.0
364;537;-0.0012
365;365;1.0
365;406;-0.2631970260223048
366;366;1.0
366;540;-0.00394469475403785
367;367;1.0
367;537;-0.9
368;169;-1.8626e-05
368;368;1.0
369;369;1.0
369;385;-4.765098213822029e-08
369;386;-5.285741490950388e-08
369;387;-4.6723903241196954e-08
369;389;-5.1130014178929046e-08
370;370;1.0
371;371;1.0
372;372;1.0
373;373;1.0
374;374;1.0
375;375;1.0
376;376;1.0
376;385;-4.765098213822029e-09
376;386;-5.285741490950388e-09
376;387;-4.672390324119695e-09
376;389;-5.113001417892904e-09
377;169;-2.3841e-06
377;377;1.0
378;186;-6600.0
378;378;1.0
379;379;1.0
379;540;-0.00359023198022541
380;380;1.0
380;538;-45.1462700500727
380;539;-2.99052117217708
380;540;-5.24902488764079
380;541;-1.43317492504734
380;542;-2.19478675958184
381;381;1.0
381;538;-1.25914867784907
381;539;-0.0835326700161126
381;540;-0.159044205699579
381;541;-0.0423229823343402
381;542;-0.0614750997712508
382;382;1.0
382;541;-0.00112916967321858
383;52;-1.0060388108108107
383;383;1.0
384;51;-1.0060388108108107
384;384;1.0
385;241;-122.4
385;385;1.0
386;242;-122.4
386;386;1.0
387;387;1.0
387;388;-120.0
388;240;-1.02
388;388;1.0
389;389;1.0
389;390;-120.0
390;239;-1.02
390;390;1.0
391;391;1.0
391;960;-8.06180790960452e-06
392;392;1.0
392;538;-0.00208537497153399
392;539;-0.00211304387603073
392;540;-0.00401712780773739
392;541;-0.011904043038385
392;542;-0.00148667187644345
393;393;1.0
394;394;1.0
395;395;1.0
396;396;1.0
397;96;-1.0
397;397;1.0
398;398;1.0
399;399;1.0
399;538;-0.00998966547630934
399;539;-0.00119437116204934
399;540;-0.275730214195585
399;541;-0.00184106615006923
399;542;-0.001458967130662
400;400;1.0
400;540;-0.00613545487197076
401;401;1.0
401;537;-0.03
402;402;1.0
402;533;-0.00134036749331893
402;608;-0.000203735267297511
402;626;-0.000163984410244733
402;632;-0.0005090491869677618
403;403;1.0
403;538;-0.00147861408493295
403;541;-0.002250930513065
403;542;-0.000687127661724979
404;404;1.0
404;540;-0.00607286630499613
405;405;1.0
405;537;-6.0
406;172;-1.6409943571755374
406;406;1.0
407;344;-1.125
407;407;1.0
408;146;-1.0
408;147;-1.0
408;408;1.0
409;409;1.0
409;537;-0.018
410;410;1.0
411;411;1.0
412;412;1.0
413;413;1.0
413;540;-0.00132292400172338
414;414;1.0
414;538;-0.00929022450508016
414;540;-0.0486397128289707
414;542;-0.000941710762381379
415;415;1.0
415;540;-0.00343168427560932
416;416;1.0
416;533;-0.00448861962991223
417;417;1.0
417;537;-0.12
418;385;-1.3103850334357402e-07
418;386;-1.453560079886822e-07
418;387;-1.2848906940336756e-07
418;389;-1.4060571751717557e-07
418;418;1.0
418;492;-0.0008244843049327353
418;493;-0.0008395433789954337
418;508;-0.010066
418;509;-0.00230125
418;533;-0.00141879560780404
418;601;-0.00856
419;419;1.0
420;420;1.0
421;421;1.0
422;422;1.0
423;53;-1.0256410256410258
423;423;1.0
424;136;-0.98
424;137;-2.26
424;424;1.0
425;425;1.0
425;537;-0.3
426;99;-0.22
426;426;1.0
427;99;-0.38
427;427;1.0
428;169;-6.8295e-06
428;428;1.0
429;407;-0.07284118419824046
429;429;1.0
430;385;-4.765098213822029e-08
430;386;-5.285741490950388e-08
430;387;-4.6723903241196954e-08
430;389;-5.1130014178929046e-08
430;430;1.0
431;431;1.0
432;432;1.0
433;433;1.0
434;434;1.0
434;538;-0.000633125880536691
434;542;-0.000488942602068148
435;167;-0.0297
435;169;-3.31
435;435;1.0
436;436;1.0
436;538;-0.0169705581939628
436;542;-0.0130467681272361
437;437;1.0
437;1000;-2000.0
438;438;1.0
438;498;-2.5e-06
439;439;1.0
439;522;-5.67117177069938e-08
439;523;-7.834760266195837e-08
439;613;-5.508327922279994e-12
439;614;-2.599947315376522e-12
439;615;-3.782647894261348e-12
439;616;-8.499193664983014e-12
440;167;-0.0297
440;169;-3.31
440;440;1.0
440;538;-0.000636956851758024
440;542;-0.000491868099645106
441;441;1.0
441;538;-0.0169685444277564
441;542;-0.0130455974552433
442;442;1.0
442;1000;-2000.0
443;443;1.0
443;498;-2.5e-06
443;566;-0.01874
443;570;-0.001
443;601;-0.0158
443;1010;-0.024390243902439025
444;444;1.0
444;522;-5.67117177069938e-08
444;523;-7.834760266195837e-08
444;613;-5.508327922279994e-12
444;614;-2.599947315376522e-12
444;615;-3.782647894261348e-12
444;616;-8.499193664983014e-12
445;96;-1.0
445;445;1.0
446;169;-0.00030517
446;446;1.0
447;169;-6.2086e-06
447;447;1.0
448;448;1.0
448;540;-0.00110104980371555
449;449;1.0
450;164;-0.0002074395872929677
450;165;-0.00047402597402597407
450;169;-0.21836674491491
450;173;-0.0006234188651969644
450;450;1.0
450;533;-0.0014
450;573;-1.13e-07
450;576;-0.000320145
450;961;-0.32014499999999996
451;167;-0.0179255825012
451;301;-0.00019562
451;303;-0.000125044
451;305;-0.000125044
451;307;-0.00019562
451;451;1.0
452;136;-0.0010754991304347825
452;137;-0.0010754991304347825
452;424;-0.0005628517823639775
452;452;1.0
452;512;-0.000232457611809337
452;513;-0.000232457611809337
452;533;-0.0167
452;538;-1.7696815784961
452;539;-0.16792951392205
452;540;-0.307008683680048
452;541;-0.0822065146430079
452;542;-0.114706878268446
453;167;-0.00197319305754
453;169;-0.0451850130446962
453;453;1.0
454;454;1.0
454;541;-0.256774157292025
455;167;-0.00789289110794
455;169;-0.0112962532611741
455;455;1.0
456;4;-0.0031701087855211204
456;5;-0.0031700997968056904
456;6;-0.0031701087855211204
456;7;-0.0031700997968056904
456;300;-0.000619633973189554
456;302;-0.000619633973189554
456;304;-0.000619633973189554
456;306;-0.000619633973189554
456;385;-0.0031697992470360987
456;386;-0.003169787726114825
456;387;-0.003169483398301565
456;389;-0.003169846575676102
456;456;1.0
456;512;-0.0188412598664482
456;513;-0.0188412598664482
456;533;-0.0164
456;538;-0.0664765144770114
456;539;-0.0302728319937203
456;540;-0.140190631497949
456;541;-0.0290195512899793
456;542;-0.127348569325936
456;881;-0.25
457;457;1.0
457;533;-0.00086
457;539;-0.00354595307988148
457;540;-0.00249703578510852
457;541;-0.00342763901000013
458;458;1.0
458;541;-0.259841150755153
459;459;1.0
459;538;-1.743917384236
459;539;-0.165919659339047
459;540;-0.301456783371483
459;541;-0.0806222704190394
459;542;-0.112905866438183
460;460;1.0
460;508;-0.052141045950000006
460;509;-0.011920035329999999
460;522;-0.0001029231333
460;523;-3.13128288e-05
460;565;-0.001
460;640;-0.0005
460;1078;-0.001
460;1079;-0.001
460;1080;-0.001
461;461;1.0
461;1000;-187.0
462;462;1.0
462;533;-0.00083
462;537;-3.34
463;463;1.0
463;538;-0.00147914315885953
463;542;-0.00113594393857479
464;464;1.0
464;538;-0.000627953552093237
464;542;-0.000480746935527555
465;465;1.0
465;538;-0.0313423950043424
465;539;-0.00221903317708495
465;540;-0.00464118788063056
465;542;-0.00166496471282742
466;466;1.0
466;538;-0.0114641440668571
466;540;-0.0016612974261811
466;542;-0.000604191036802619
467;467;1.0
468;468;1.0
469;469;1.0
470;470;1.0
471;471;1.0
472;472;1.0
473;167;3.2407916964e-06
473;169;-3.2913e-07
473;473;1.0
474;167;-1.51105563481e-06
474;169;-5.0924e-06
474;474;1.0
475;167;-2.56330242511e-06
475;169;-1.0187e-06
475;475;1.0
475;537;-0.0012
476;476;1.0
476;537;-20.0
477;477;1.0
477;492;-0.02816076567833478
477;493;-0.0353818209339287
478;478;1.0
478;497;-1.09529e-07
479;140;-0.005396530359355638
479;170;-2.348
479;171;-5.281948881789138
479;406;-0.004139405204460967
479;479;1.0
480;480;1.0
480;494;-7.87e-05
480;604;-0.0221
480;1029;-0.00048178506375227693
481;393;-0.000909
481;481;1.0
482;38;-0.0281
482;39;-0.03
482;40;-0.03
482;41;-0.0284
482;482;1.0
483;150;-0.03952941176470588
483;156;-0.09057971014492752
483;299;-1.0
483;426;-1.0
483;483;1.0
484;97;-1.0
484;484;1.0
485;478;-13000.0
485;485;1.0
486;27;-0.9
486;38;-0.2306
486;39;-0.2
486;40;-0.2
486;41;-0.2181
486;486;1.0
487;393;-0.00328
487;487;1.0
488;488;1.0
488;604;-0.0002934
489;489;1.0
490;490;1.0
490;537;-270.0
491;37;-0.051338366506520246
491;38;-0.0184
491;39;-0.02
491;40;-0.02
491;41;-0.0182
491;491;1.0
492;58;-1.0
492;492;1.0
493;4;-0.028272026488489338
493;5;-0.028271763757474467
493;385;-0.027806439371933896
493;386;-0.028370194898215767
493;493;1.0
494;494;1.0
495;68;-700.0
495;495;1.0
496;94;-0.0002254689754689755
496;197;-0.003006253006253007
496;496;1.0
497;497;1.0
497;498;-1.0
498;92;-1.57
498;498;1.0
498;960;-2.768361581920904
499;347;-0.27397
499;499;1.0
499;527;-600.0
500;500;1.0
500;1004;-0.07349
501;38;-0.3738
501;501;1.0
502;39;-0.41
502;502;1.0
503;40;-0.41
503;503;1.0
504;41;-0.3773
504;504;1.0
505;505;1.0
505;537;-200.0
506;4;-4.457301940013404e-12
506;5;-4.4572893015137695e-12
506;6;-4.457301940013404e-12
506;7;-4.4572893015137695e-12
506;234;-6.997199999999999e-10
506;385;-4.456949461487159e-12
506;386;-4.456933262302334e-12
506;387;-4.4564226201365225e-12
506;389;-4.456933262302334e-12
506;506;1.0
507;507;1.0
507;574;-0.20080321285140562
508;508;1.0
508;512;-1.0868
509;509;1.0
509;513;-1.0868
510;510;1.0
511;511;1.0
512;300;-0.25082
512;302;-0.547928332840915
512;304;-0.326
512;306;-0.16107
512;510;-2.63
512;512;1.0
513;511;-2.63
513;513;1.0
514;507;-169.75
514;514;1.0
514;579;-43.502399999999994
515;515;1.0
515;518;-1.0
516;101;-1.0
516;516;1.0
517;517;1.0
517;526;-1.0
518;497;-1.09529e-07
518;518;1.0
519;497;-1.09529e-07
519;519;1.0
520;38;-0.1317
520;39;-0.12
520;40;-0.12
520;41;-0.1243
520;520;1.0
521;508;-14.8
521;509;-10.712943262411347
521;521;1.0
522;508;-59.2
522;522;1.0
523;509;-42.85177304964539
523;523;1.0
524;524;1.0
524;579;-40.0
525;525;1.0
525;609;-0.02454613653413354
525;610;-0.02559694032769788
525;611;-0.02978020410834638
526;526;1.0
526;597;-1.693057110862262e-07
527;526;-1.0
527;527;1.0
528;528;1.0
529;529;1.0
530;530;1.0
531;393;-0.225
531;449;-42840.0
531;531;1.0
532;524;-0.23612400000000003
532;532;1.0
532;537;-6300.0
533;512;-0.0304
533;513;-0.0304
533;533;1.0
534;101;-1.0
534;534;1.0
535;535;1.0
536;536;1.0
536;1000;-270000.0
537;65;-1.69e-08
537;537;1.0
538;538;1.0
539;539;1.0
540;540;1.0
541;541;1.0
542;542;1.0
543;543;1.0
544;544;1.0
545;545;1.0
546;546;1.0
547;547;1.0
548;548;1.0
549;549;1.0
550;550;1.0
551;551;1.0
552;552;1.0
553;553;1.0
554;554;1.0
555;555;1.0
556;556;1.0
556;608;-0.008088826604670576
556;612;-0.005245035469000001
556;623;-0.358536513804536
556;630;-0.0009472699857451698
556;634;-0.3
556;1080;-0.003603
557;38;-0.1484
557;39;-0.146
557;40;-0.146
557;41;-0.1683
557;557;1.0
558;100;-70.0
558;101;-8.25
558;518;-50.0
558;558;1.0
559;25;-0.1
559;559;1.0
560;193;-0.249327731092437
560;194;-0.31989247311827956
560;195;-0.075
560;560;1.0
561;192;-0.2555
561;561;1.0
562;562;1.0
562;587;-9000.0
563;527;-7.0
563;563;1.0
564;564;1.0
565;565;1.0
565;609;-0.05933583395848962
565;617;-0.000587121899332698
565;624;-0.3013347208994943
565;629;-1.008954333269008
565;639;-1.0
566;566;1.0
567;526;-1.0
567;567;1.0
568;568;1.0
569;569;1.0
569;1008;-0.17
570;570;1.0
571;95;-274.0
571;571;1.0
571;604;-0.01956
572;168;-1.24099932e-08
572;572;1.0
573;573;1.0
573;961;-9.59
574;574;1.0
574;1025;-1.0204081632653061
575;59;-0.1428571428571428
575;575;1.0
576;576;1.0
576;962;-1.01
577;577;1.0
577;1000;-4400000.0
578;449;-1800000.0
578;578;1.0
579;579;1.0
579;964;-1.3513513513513513
580;294;-0.041393706
580;580;1.0
581;581;1.0
582;489;-0.6567785234899329
582;494;-1.4838
582;570;-1.82
582;582;1.0
582;604;-1.671
582;1004;-6.779
582;1029;-1.867
582;1034;-1.71
583;583;1.0
583;615;-0.005525651419474835
583;627;-0.0007100318637489665
583;632;-0.005963147618765207
583;637;-0.3
584;584;1.0
584;627;-0.187316819693571
584;632;-0.4236516061440905
584;637;-2.470588235294118
585;585;1.0
586;586;1.0
587;497;-1.09529e-07
587;587;1.0
588;588;1.0
589;589;1.0
589;1005;-0.000238
590;524;-2.8503540000000003
590;527;-3600.0
590;574;-12.650602409638553
590;590;1.0
590;608;-0.2510737558754626
590;609;-0.03127941714285715
590;612;-0.09632757658815086
590;624;-0.08788921076614128
590;625;-0.2410092728808593
590;626;-0.2362538403853071
590;628;-0.08234632607130692
590;629;-0.5836944311174694
590;630;-0.4401032940984935
590;631;-0.4276597532241831
590;633;-0.4214232973887589
590;634;-2.470588235294118
590;635;-3.0
590;636;-2.470588235294118
590;638;-2.470588235294118
590;639;-0.4950185714285714
590;640;-21.0
590;964;-19.26486486486487
590;1025;-3.23265306122449
591;120;-34.4
591;591;1.0
592;498;-5.4
592;592;1.0
593;224;-250.0
593;593;1.0
594;594;1.0
594;651;-0.3
595;497;-1.09529e-07
595;595;1.0
596;576;-0.18
596;596;1.0
597;92;-0.07
597;244;-1.02
597;424;-0.125
597;597;1.0
597;960;-0.5077966101694915
598;54;-2.6e-10
598;55;-2.6e-10
598;56;-2.6e-10
598;57;-2.6e-10
598;529;-2.6e-10
598;530;-2.6e-10
598;598;1.0
599;59;-0.4285714285714285
599;599;1.0
600;600;1.0
600;651;-0.48
601;601;1.0
602;393;-0.000555
602;602;1.0
603;603;1.0
603;1004;-0.055656732557929293
604;408;-4000.0
604;604;1.0
605;537;-0.2
605;605;1.0
606;234;-0.16752
606;606;1.0
607;234;-3.9744e-09
607;607;1.0
608;608;1.0
608;623;-43.43807763401109
609;609;1.0
609;619;-0.166666666666667
610;610;1.0
610;620;-0.1666085555762893
611;611;1.0
611;621;-0.9932380149044013
612;608;-1.455251909267939
612;612;1.0
613;609;-0.992
613;613;1.0
614;610;-1.040462427745665
614;614;1.0
615;615;1.0
615;627;-0.6614219897627382
616;611;-1.001795922707208
616;616;1.0
617;617;1.0
617;624;-0.6411177586914997
618;618;1.0
618;622;-1.0015447278154255
619;617;-1.0207169085868795
619;619;1.0
620;618;-0.9996658417288761
620;620;1.0
621;621;1.0
621;628;-0.7284338767045341
622;622;1.0
622;626;-0.7808781440225389
623;623;1.0
623;625;-0.6292419038672405
624;624;1.0
624;639;-17.001043515
625;625;1.0
625;630;-0.9472699857451697
626;626;1.0
626;631;-1.3495665548704479
627;627;1.0
627;632;-1.0507597273268783
628;628;1.0
628;633;-1.177094713258485
629;629;1.0
629;635;-27.223366499999994
630;630;1.0
630;634;-27.228712509339935
631;631;1.0
631;636;-26.525587091955867
632;632;1.0
632;637;-24.588375
633;633;1.0
633;638;-27.228712509339942
634;634;1.0
634;640;-0.05486610058785104
634;784;-0.05225342913128674
635;635;1.0
635;640;-0.6042129327237098
635;784;-0.5754408883082952
636;636;1.0
636;640;-0.2743305029392557
636;784;-0.2612671456564337
637;637;1.0
637;640;-0.08229915088177661
637;784;-0.07838014369693011
638;638;1.0
638;640;-0.034291312867406915
638;784;-0.032658393207054215
639;629;-0.07345187508221337
639;639;1.0
640;640;1.0
640;786;-1.0
641;641;1.0
641;651;-0.13
642;120;-0.0172
642;393;-0.000773
642;642;1.0
643;643;1.0
644;644;1.0
645;645;1.0
646;613;-0.0001608866593351935
646;614;-0.0003296526429283114
646;615;-8.712446031056624e-05
646;616;-7.254975997689348e-05
646;646;1.0
647;494;-0.0006888
647;647;1.0
648;648;1.0
649;649;1.0
650;650;1.0
651;36;-0.08843810427231934
651;651;1.0
652;98;-0.28
652;501;-0.0056
652;502;-0.0056
652;503;-0.0056
652;504;-0.0056
652;652;1.0
653;165;-0.989795918367347
653;653;1.0
654;491;-0.014377
654;654;1.0
655;494;-5.26e-06
655;655;1.0
655;1029;-8.105646630236795e-05
656;365;-0.01
656;656;1.0
657;365;-1.1200564971751414
657;657;1.0
657;1029;-0.1665
658;600;-0.0002
658;658;1.0
659;492;-0.0011043437520915599
659;493;-0.001345476256548685
659;659;1.0
660;498;-9.892033725970944e-10
660;660;1.0
661;100;-50.0
661;101;-1.0
661;193;-0.05957983193277311
661;194;-0.4593655913978495
661;201;-0.8
661;224;-499.0
661;494;-0.01304
661;566;-0.1571
661;568;-1.0
661;593;-0.6
661;601;-0.15
661;661;1.0
661;1004;-0.7356
661;1034;-0.3
662;662;1.0
662;1006;-0.81
663;299;-7.7e-11
663;426;-1.5e-10
663;482;-1.5e-10
663;663;1.0
664;4;-4.439399999999999e-06
664;5;-4.439399999999999e-06
664;6;-4.439399999999999e-06
664;7;-4.439399999999999e-06
664;378;-0.11
664;385;-4.439399999999999e-06
664;386;-4.439399999999999e-06
664;387;-4.439399999999999e-06
664;389;-4.439399999999999e-06
664;664;1.0
664;1004;-0.000838300131434256
665;300;-0.086823
665;665;1.0
666;36;-0.49812105512787785
666;38;-0.0281
666;39;-0.0283
666;40;-0.0283
666;41;-0.0284
666;346;-23.19371210332438
666;348;-15.0
666;482;-1.0
666;567;-60.0
666;594;-0.12
666;666;1.0
666;995;-0.796909492273731
666;1030;-220.0
667;300;-0.0058393
667;302;-0.00587649940031996
667;304;-0.00587649940031996
667;306;-0.0058
667;667;1.0
668;176;-0.020019900497512438
668;668;1.0
669;512;-0.21811999999999998
669;513;-0.21811999999999998
669;669;1.0
670;612;-0.0006
670;670;1.0
671;604;-0.006943
671;671;1.0
672;169;-0.002099
672;672;1.0
673;600;-2.85e-05
673;673;1.0
673;1004;-0.0494702284212706
674;600;-0.0056715
674;674;1.0
675;675;1.0
675;881;-0.752
676;594;-0.45
676;676;1.0
677;640;-1.15
677;677;1.0
678;622;-0.001133232844537603
678;678;1.0
679;27;-0.05
679;98;-0.05
679;348;-0.008333333333333333
679;486;-0.01
679;501;-0.025
679;502;-0.025
679;503;-0.025
679;504;-0.025
679;679;1.0
680;494;-0.0003412
680;680;1.0
680;1029;-0.0026
681;27;-0.035
681;486;-0.03
681;681;1.0
682;168;-4.3965885e-12
682;224;-2940.0
682;346;-24.73995957687934
682;570;-0.25
682;601;-0.45
682;682;1.0
682;1022;-0.25
683;600;-0.0057
683;683;1.0
684;564;-0.030000000004922697
684;684;1.0
685;685;1.0
686;686;1.0
686;1005;-3.43396556480316e-10
687;38;-4e-10
687;39;-4e-10
687;40;-4e-10
687;41;-4e-10
687;270;-4e-10
687;300;-7.1940002862809e-10
687;301;-7.41e-10
687;302;-7.1940002862809e-10
687;303;-7.41e-10
687;304;-7.1940002862809e-10
687;305;-7.41e-10
687;306;-7.1940002862809e-10
687;307;-7.41e-10
687;486;-4e-10
687;491;-4e-10
687;492;-5.979073243647235e-10
687;493;-6.0882800608828e-10
687;501;-4e-10
687;502;-4e-10
687;503;-4e-10
687;504;-4e-10
687;512;-4e-10
687;513;-4e-10
687;533;-4e-10
687;557;-4e-10
687;687;1.0
687;1076;-4e-10
688;537;-42.2
688;688;1.0
689;537;-9.05
689;689;1.0
690;690;1.0
690;1076;-0.144590178265634
691;691;1.0
691;1076;-0.722815434790717
692;4;-3e-07
692;5;-3e-07
692;6;-3e-07
692;7;-3e-07
692;385;-3e-07
692;386;-3e-07
692;387;-3e-07
692;389;-3e-07
692;692;1.0
693;167;-0.31353600000000004
693;693;1.0
694;87;-0.0585
694;140;-0.002579925650557621
694;165;-0.0927643784786642
694;173;-0.000526924466931695
694;175;-0.00078
694;176;-0.0029154228855721395
694;177;-0.23154848046309698
694;178;-0.00015626809173903365
694;180;-0.001949317738791423
694;181;-0.07626847782660806
694;182;-0.007211692167161453
694;183;-0.03597122302158274
694;184;-0.004888278388278388
694;185;-0.15260697590794678
694;192;-0.00146
694;406;-0.001607806691449814
694;694;1.0
695;168;-5.3739584189999995e-08
695;695;1.0
696;397;-2.2916666666666665
696;696;1.0
697;449;-130.0
697;697;1.0
698;224;-87.5
698;449;-10.0
698;698;1.0
699;200;-345000.0
699;699;1.0
700;700;1.0
701;4;-3.02e-06
701;5;-3.02e-06
701;6;-3.02e-06
701;7;-3.02e-06
701;378;-0.57
701;385;-3.02e-06
701;386;-3.02e-06
701;387;-3.02e-06
701;389;-3.02e-06
701;701;1.0
702;26;-1.0
702;36;-0.002006640154693714
702;38;-0.035
702;39;-0.0335
702;40;-0.0335
702;41;-0.033
702;224;-1180.0
702;427;-1.0
702;567;-45.0
702;702;1.0
702;995;-0.0474613686534216
702;1030;-440.0
703;100;-80.0
703;101;-11.0
703;337;-4800.0
703;494;-0.021846
703;520;-1.0
703;594;-0.27
703;601;-0.01
703;604;-0.00978
703;703;1.0
703;993;-0.1705
703;994;-0.155
703;1004;-0.0004132465436647745
704;393;-0.0177
704;704;1.0
705;705;1.0
705;881;-0.01
706;604;-0.002380952380952381
706;706;1.0
707;707;1.0
707;961;-0.0015509999999999999
708;129;-0.1420763
708;167;-0.118300224
708;169;-0.972209917582419
708;708;1.0
709;522;-0.3516022765000001
709;523;-0.10695980350000002
709;573;-0.0972594
709;576;-0.0108066
709;709;1.0
709;961;-0.0432264
709;962;-0.0108066
709;963;-0.018011
709;1000;-3310000.0
710;640;-3.0
710;710;1.0
711;4;-2.3642079843686714e-06
711;6;-2.3642079843686714e-06
711;385;-1.7424124486756497e-06
711;387;-1.7456639888883143e-06
711;711;1.0
712;557;-0.425
712;712;1.0
713;140;-0.031548946716232956
713;713;1.0
714;518;-2.0
714;714;1.0
715;600;-0.021
715;715;1.0
716;716;1.0
717;611;-0.0010798785240464343
717;614;-0.004949548941964035
717;616;-0.005275318648792672
717;618;-0.0010652177002029011
717;621;-0.001070654576596784
717;622;-0.0010672197919344695
717;626;-0.0014197784436773438
717;628;-2.125096372367834e-05
717;631;-0.001438062722402936
717;633;-0.005610029033341134
717;636;-0.3
717;638;-0.3
717;717;1.0
717;1078;-0.003603
718;565;-0.00082
718;613;-0.002247263250551199
718;617;-0.000995447847947216
718;619;-0.00017715998909784703
718;624;-0.0006814824908642651
718;635;-0.3
718;639;-0.01807142810086935
718;718;1.0
718;1079;-0.003603
719;226;-1.3688320452015703
719;228;-3.1408194342333
719;230;-2.871255614620274
719;232;-1.8926840673253715
719;719;1.0
720;493;-0.182648401826484
720;720;1.0
721;51;-0.03516144
721;55;-0.0067
721;129;-0.00069399642
721;384;-0.01841194
721;721;1.0
722;508;-3.0086695138888886
722;509;-0.6878306944444444
722;722;1.0
723;594;-2e-08
723;600;-2e-08
723;641;-2e-08
723;651;-2e-08
723;723;1.0
724;36;-0.015688277573059947
724;641;-0.97
724;724;1.0
724;995;-0.123620309050773
725;224;-64.0
725;725;1.0
726;494;-0.03379
726;726;1.0
727;180;-0.00989278752436647
727;593;-3.06
727;727;1.0
728;50;-0.066731592
728;728;1.0
729;149;-0.894
729;557;-0.425
729;729;1.0
729;1076;-1.07735043257994
730;36;-0.07847787223174872
730;94;-1.878908128908129e-05
730;140;-2.4225526641883498e-06
730;156;-0.1690821256038647
730;170;-0.007503
730;171;-0.0006248402555910543
730;172;-0.00012427939606527398
730;176;-0.000178407960199005
730;177;-2.7941389290882783e-05
730;179;-2.2218626393383675e-05
730;406;-1.6784386617100398e-07
730;730;1.0
730;993;-0.0571
730;994;-0.06307
731;573;-0.000248
731;731;1.0
732;38;-0.0043
732;39;-0.0041
732;40;-0.0041
732;41;-0.0041
732;348;-3.217910447761195
732;398;-1.0
732;491;-0.35088
732;732;1.0
732;995;-0.0198675496688742
733;449;-3250.0
733;494;-0.11471
733;733;1.0
734;54;0.000168
734;55;0.000168
734;56;0.000168
734;57;0.000168
734;529;0.000168
734;530;0.000168
734;734;1.0
735;65;-2.54e-11
735;498;-2.536783358701167e-11
735;735;1.0
735;1043;-8.041603247082699e-11
736;193;-0.047058823529411764
736;194;-0.060139784946236556
736;195;-0.05
736;604;-0.019558
736;736;1.0
736;1004;-0.0031626010994753127
737;36;-0.0006567185960815792
737;737;1.0
737;995;-0.01214128
738;738;1.0
739;739;1.0
739;1004;-6.6e-06
740;348;-5.0
740;740;1.0
741;486;-0.94
741;741;1.0
742;449;-100.0
742;742;1.0
743;507;-41.666666666666664
743;743;1.0
743;961;-0.05
744;234;-6.7272
744;744;1.0
745;512;1.00351006163531
745;513;1.00351006163531
745;745;1.0
746;58;-0.041393706
746;746;1.0
747;54;-0.000584
747;55;-0.000584
747;56;-0.000584
747;57;-0.000584
747;529;-0.000584
747;530;-0.000584
747;747;1.0
748;37;-14.4
748;38;-14.225
748;39;-12.51
748;40;-12.51
748;41;-13.29
748;300;-39.3
748;302;-39.5564703814069
748;304;-39.5564703814069
748;306;-39.106
748;486;-7.75939024390244
748;491;-0.19327
748;501;-27.8
748;502;-25.8646341463415
748;503;-25.8646341463415
748;504;-28.074
748;748;1.0
749;347;-1.6438
749;749;1.0
750;50;-2.67282
750;52;-1.2276000000000002
750;166;-0.02826
750;365;-49.71610169491525
750;383;-0.004
750;423;-0.1584
750;750;1.0
751;51;-1.229
751;270;-15.0
751;384;-0.14911
751;751;1.0
752;491;-0.026207
752;752;1.0
753;50;-0.001410159
753;166;-3.3e-05
753;753;1.0
754;52;-0.0036084000000000003
754;754;1.0
754;1004;-0.000549496911943245
755;51;-0.0037200000000000006
755;512;-0.53542
755;513;-0.53542
755;576;-0.2
755;608;-0.0006985209164486107
755;609;-0.02740805800467841
755;610;-0.09698846492570905
755;611;-0.03760545153902256
755;626;-0.0005622322636962279
755;632;-0.0017453114981751824
755;755;1.0
756;36;-0.4936877777372397
756;756;1.0
756;995;-0.359823399558499
757;757;1.0
757;1076;0.0032378916563019
758;758;1.0
758;1076;0.497352108343698
759;36;-0.015286949542121205
759;205;-1.006
759;299;-0.47
759;594;-0.1366
759;600;-0.0089
759;641;-0.029
759;759;1.0
760;168;-0.009683555299999999
760;169;-0.046404395604395604
760;760;1.0
761;167;-0.007065600000000002
761;761;1.0
762;168;-0.009683555299999999
762;169;-0.010340109890109889
762;762;1.0
763;167;-0.0022080000000000003
763;763;1.0
764;169;-0.014123076923076919
764;764;1.0
765;167;-0.012806400000000003
765;765;1.0
766;600;-1.7e-05
766;766;1.0
767;767;1.0
768;768;1.0
769;769;1.0
769;1005;-0.018660000000000003
770;270;-1.0
770;770;1.0
771;169;-0.27485
771;771;1.0
772;167;-0.027791
772;772;1.0
773;773;1.0
773;1004;-0.0013302609756724038
774;512;-0.01786
774;513;-0.01786
774;525;-2.0
774;774;1.0
775;486;-0.02
775;775;1.0
776;604;-0.6675
776;776;1.0
777;393;-0.0062
777;777;1.0
778;512;-0.00836
778;513;-0.00836
778;576;-0.4
778;778;1.0
779;508;-0.5228999999999999
779;509;-0.1197
779;779;1.0
780;508;-1.4357
780;509;-0.3283
780;780;1.0
781;512;-0.02128
781;513;-0.02128
781;781;1.0
782;604;-0.002780933062880325
782;782;1.0
783;4;-2.1219e-11
783;5;-2.1219e-11
783;6;-2.1219e-11
783;7;-2.1219e-11
783;226;-2.54628e-09
783;227;-2.54628e-09
783;228;-2.54628e-09
783;229;-2.54628e-09
783;230;-2.54628e-09
783;231;-2.54628e-09
783;232;-2.54628e-09
783;233;-2.54628e-09
783;385;-2.1219e-11
783;386;-2.1219e-11
783;387;-2.1219e-11
783;389;-2.1219e-11
783;783;1.0
784;303;-0.383
784;305;-0.383
784;784;1.0
785;149;-0.106
785;557;-0.126
785;785;1.0
786;270;-0.46
786;301;-0.25
786;307;-0.246
786;786;1.0
787;537;-60.0
787;787;1.0
787;993;-0.03038
787;994;-0.07537
787;1004;-0.01257
788;449;-20.0
788;788;1.0
789;4;-2.33e-07
789;5;-2.33e-07
789;6;-2.33e-07
789;7;-2.33e-07
789;385;-2.33e-07
789;386;-2.33e-07
789;387;-2.33e-07
789;389;-2.33e-07
789;508;-0.41125
789;509;-0.01435
789;789;1.0
790;302;-0.533822687351963
790;304;-0.326
790;306;-0.15692
790;790;1.0
791;36;-5.159405356420921e-09
791;427;-4.6e-10
791;520;-4.58e-10
791;791;1.0
791;995;-4.58e-10
792;224;-499.0
792;594;-0.12
792;792;1.0
793;224;-5210.0
793;793;1.0
794;224;-1180.0
794;594;-0.27
794;794;1.0
795;594;-0.016
795;795;1.0
796;224;-26600.0
796;594;-0.0014
796;600;-0.85
796;651;-0.003
796;796;1.0
797;50;-0.05970600000000001
797;51;-0.09552216000000001
797;52;-0.09528408000000001
797;53;-0.11309544
797;797;1.0
798;365;-0.05
798;406;-0.010529739776951673
798;798;1.0
799;4;-1.39e-07
799;5;-1.39e-07
799;6;-1.39e-07
799;7;-1.39e-07
799;385;-1.39e-07
799;386;-1.39e-07
799;387;-1.39e-07
799;389;-1.39e-07
799;799;1.0
800;492;-6.62606251254936e-05
800;493;-8.325134337394989e-05
800;800;1.0
801;54;6.27e-06
801;55;6.27e-06
801;56;6.27e-06
801;57;6.27e-06
801;529;6.27e-06
801;530;6.27e-06
801;801;1.0
802;348;-5.008333333333334
802;393;-0.00341
802;802;1.0
803;58;-8.48e-08
803;294;-8.48e-08
803;803;1.0
804;494;-0.0016534
804;804;1.0
804;1029;-0.182
805;576;-0.02741514360313316
805;805;1.0
806;806;1.0
807;53;-0.07748016
807;165;-0.19081632653061226
807;169;-0.00331967967032967
807;181;-0.08789452656811826
807;205;-0.1
807;807;1.0
808;300;-1.312
808;302;-0.547079873296134
808;304;-0.978
808;306;-1.2865
808;808;1.0
809;4;-1.6910012049805864e-06
809;5;-1.6910012049805864e-06
809;6;-1.6910012049805864e-06
809;7;-1.6910012049805864e-06
809;385;-1.6910012049805864e-06
809;386;-1.691001204980586e-06
809;387;-1.6910012049805864e-06
809;389;-1.6910012049805864e-06
809;809;1.0
809;1004;-0.00104787516429282
809;1006;-0.19
810;576;-0.1
810;810;1.0
811;811;1.0
811;1004;-0.001268
812;494;-0.0001575
812;533;-0.00409211487463271
812;812;1.0
812;1004;-0.452
812;1076;-0.00409211487463271
813;393;-0.00182
813;533;-0.0149078851253673
813;813;1.0
813;962;-0.0015
813;1076;-0.0149078851253673
814;508;22.0
814;509;22.0
814;814;1.0
815;600;-0.000628125468114675
815;641;-0.00958717819753978
815;815;1.0
816;299;-0.08
816;600;-0.00127187453188532
816;641;-0.0194128218024602
816;816;1.0
817;594;-0.0145460634721293
817;817;1.0
818;594;-0.0294539365278707
818;818;1.0
819;819;1.0
819;1004;-0.0006299884455209173
820;299;-0.025
820;820;1.0
821;167;-0.0523
821;169;-0.23088
821;821;1.0
822;167;-0.000309
822;169;-0.0018834
822;822;1.0
823;167;-1.104e-06
823;169;-2.26978021978022e-06
823;823;1.0
824;224;-372.0
824;494;-0.15315
824;601;-0.45
824;824;1.0
824;993;-0.4122
824;994;-0.3749
824;1034;-0.05
825;53;-0.014508
825;270;-0.65
825;383;-3.2e-05
825;384;-0.00111
825;423;-0.0012672
825;825;1.0
826;491;-0.29118
826;826;1.0
827;827;1.0
827;962;-0.05
828;299;-3.5e-10
828;828;1.0
829;94;-0.0001503126503126503
829;348;-0.075
829;564;-0.00015
829;829;1.0
830;830;1.0
830;1004;-0.0005050234354309246
831;38;-0.003
831;39;-0.0028
831;40;-0.0028
831;41;-0.0028
831;299;-0.078
831;594;-0.057
831;600;-0.0068
831;831;1.0
831;1004;-0.012259
832;36;-0.015286949542121205
832;156;-0.05314009661835748
832;346;-46.38742420664875
832;491;-0.35088
832;832;1.0
832;995;-0.0198675496688742
833;604;-0.008372
833;833;1.0
834;398;-0.5
834;834;1.0
835;156;-0.252415458937198
835;594;-0.032
835;835;1.0
835;1004;-0.007063142455494861
836;38;-0.0013
836;39;-0.0013
836;40;-0.0013
836;41;-0.0013
836;299;-0.32
836;346;-77.31237367774793
836;398;-0.5
836;494;-0.18544
836;604;-0.0307
836;836;1.0
836;1004;-0.016385204793981104
837;193;-0.0392436974789916
837;194;-0.049903225806451616
837;837;1.0
838;838;1.0
838;1004;-0.00808
839;98;-0.08
839;491;-0.19218
839;501;-0.025
839;502;-0.025
839;503;-0.025
839;504;-0.025
839;839;1.0
840;4;-2.603e-06
840;5;-2.603e-06
840;6;-2.603e-06
840;7;-2.603e-06
840;385;-2.603e-06
840;386;-2.603e-06
840;387;-2.603e-06
840;389;-2.603e-06
840;840;1.0
841;841;1.0
841;1004;-0.00119
842;53;-0.013392000000000001
842;842;1.0
842;1004;-0.001194
842;1005;-0.008100000000000001
843;178;-0.025005566688933424
843;843;1.0
844;53;-0.026784000000000002
844;844;1.0
845;845;1.0
846;600;-0.11
846;651;-0.089
846;846;1.0
847;4;-4e-07
847;5;-4e-07
847;6;-4e-07
847;7;-4e-07
847;385;-4e-07
847;386;-4e-07
847;387;-4e-07
847;389;-4e-07
847;847;1.0
848;614;-0.5538401489504899
848;615;-0.2361297135148511
848;616;-0.1347141132054436
848;617;-0.0018276552313449
848;618;-0.001383481939272662
848;848;1.0
849;54;7.5e-05
849;55;7.5e-05
849;56;7.5e-05
849;57;7.5e-05
849;529;7.5e-05
849;530;7.5e-05
849;849;1.0
850;169;-0.009079120879120878
850;850;1.0
851;851;1.0
852;36;-0.02254733846546755
852;156;-0.3381642512077294
852;200;-7200000.0
852;449;-9000.0
852;494;-0.43978894899544746
852;566;-0.8439
852;852;1.0
852;1022;-0.7188
853;491;0.053942
853;853;1.0
854;854;1.0
855;855;1.0
856;36;-0.004433277390638112
856;38;-0.0281
856;39;-0.0283
856;40;-0.0283
856;41;-0.0284
856;97;-1.0
856;194;-0.3838709677419355
856;299;-0.5
856;426;-1.0
856;482;-1.0
856;593;-0.6
856;856;1.0
856;995;-0.437086092715232
857;593;-0.9
857;857;1.0
858;26;-1.0
858;36;-0.002006640154693714
858;38;-0.035
858;39;-0.0335
858;40;-0.0335
858;41;-0.033
858;427;-1.0
858;520;-1.0
858;858;1.0
858;995;-0.0474613686534216
858;1004;-0.188
859;36;-0.02254733846546755
859;593;-0.9
859;859;1.0
860;4;-9.659999999999999e-08
860;5;-9.659999999999999e-08
860;6;-9.659999999999999e-08
860;7;-9.659999999999999e-08
860;385;-9.659999999999999e-08
860;386;-9.659999999999999e-08
860;387;-9.659999999999999e-08
860;389;-9.659999999999999e-08
860;449;-57500.0
860;491;-0.21839
860;860;1.0
861;179;-0.0050017979144192735
861;861;1.0
861;1004;-0.000598
862;862;1.0
862;881;-0.0273
863;512;-0.03344
863;513;-0.03344
863;863;1.0
864;619;-0.01319382605060973
864;620;-6.973330845282996e-05
864;621;-0.00169049627389967
864;624;-0.06026694417989886
864;625;-0.06179301602212658
864;626;-0.05724340170251467
864;627;-0.06151763686721608
864;628;-0.04972808793303699
864;864;1.0
865;50;-0.005022
865;300;-0.85814
865;302;-0.863606240034706
865;304;-0.863606240034706
865;306;-0.85378
865;383;-8.8e-05
865;384;-0.00333
865;423;-0.0034848
865;482;-0.333333333333333
865;508;-0.063
865;509;-0.01435
865;512;-1.0393
865;513;-1.0393
865;520;-0.333333333333333
865;533;-0.442985917833257
865;608;-0.0003492604582243053
865;626;-0.000281116131848114
865;632;-0.0008726557490875913
865;865;1.0
865;1004;-0.000838300131434256
866;51;-0.013764
866;52;-0.004259400000000001
866;866;1.0
867;867;1.0
867;881;-0.00504
868;868;1.0
868;1004;-0.002377
869;169;-0.10214010989010987
869;869;1.0
870;482;0.00353122958085402
870;520;0.00353122958085402
870;870;1.0
871;482;0.150723959960653
871;520;0.150723959960653
871;871;1.0
872;482;0.385744810458492
872;520;0.385744810458492
872;872;1.0
873;140;-1.5947955390334572
873;171;-1.483226837060703
873;173;-0.7441272135887244
873;174;-0.08866995073891626
873;175;-0.03062
873;177;-0.33046309696092624
873;182;-0.6645352820278604
873;406;-0.3005576208178439
873;873;1.0
874;95;-7752.0
874;100;-400.0
874;101;-73.0
874;193;-0.08941176470588236
874;194;-0.11388172043010752
874;195;-0.875
874;200;-7200000.0
874;224;-5210.0
874;346;-34.01744441820909
874;391;-300.0
874;593;-0.9
874;874;1.0
875;186;-4760.0
875;348;-8.333333333333334
875;570;-0.25
875;875;1.0
875;1029;-0.164
876;145;-145.0
876;148;-57.0
876;186;-4760.0
876;224;-26600.0
876;346;-114.4223130430669
876;397;-16000.0
876;537;-210.0
876;564;-0.9698499999507729
876;570;-0.5
876;593;-0.9
876;594;-0.0014
876;600;-0.85
876;601;-0.3
876;651;-0.003
876;876;1.0
876;993;-0.3298
876;994;-0.3317
876;1000;-270000.0
876;1010;-1.0
876;1029;-0.5027
876;1034;-0.6
877;201;3.57
877;877;1.0
878;168;-1.832022481e-10
878;878;1.0
879;879;1.0
879;1000;-5120.0
880;880;1.0
880;881;-0.251
881;27;-0.015
881;881;1.0
882;508;22.0
882;509;22.0
882;882;1.0
883;508;-1.10355
883;509;-0.25234999999999996
883;883;1.0
884;533;-0.203314001937532
884;884;1.0
885;533;-0.506083801964488
885;885;1.0
886;886;1.0
887;50;-0.007552716000000001
887;482;-0.0239085854425321
887;520;-0.0239085854425321
887;604;-0.07823
887;887;1.0
887;1004;-0.00146
888;482;-0.182758081224134
888;512;-0.9765999999999999
888;513;-0.9765999999999999
888;520;-0.182758081224134
888;888;1.0
889;156;-0.04830917874396135
889;348;-0.4833333333333334
889;494;-0.00811
889;594;-0.0036
889;601;-0.045
889;889;1.0
889;1022;-0.03125
889;1029;-0.1665
889;1034;-0.05
890;587;-3.54
890;890;1.0
891;54;-0.000689
891;56;-0.000689
891;57;-0.000689
891;176;-0.17542288557213934
891;184;-0.4495421245421245
891;489;-5.646979865771812
891;494;-0.01984
891;529;-0.000689
891;530;-0.000689
891;891;1.0
891;1004;-0.28
891;1029;-20.491803278688526
892;36;-0.07847787223174872
892;55;-0.000689
892;393;-2.95
892;512;-18.832213584
892;513;-18.832213584
892;576;-25.0
892;892;1.0
892;961;-22.027
893;273;-1.0
893;893;1.0
894;594;-0.016
894;894;1.0
894;1004;-0.0020762074567715785
895;277;-0.001905
895;348;-13.33333333333333
895;895;1.0
896;25;-0.9
896;445;-143.0
896;896;1.0
897;302;-0.032859232
897;304;-0.032859232
897;305;-0.032859232
897;306;-0.032859232
897;307;-0.032859232
897;486;-0.002774475
897;504;-0.002774475
897;897;1.0
898;52;-0.37944000000000006
898;53;-0.37944000000000006
898;54;-0.0336
898;56;-0.0336
898;57;-0.0336
898;166;-0.0199
898;234;-1.1397599999999999
898;529;-0.0336
898;530;-0.0336
898;537;-487.0
898;898;1.0
898;1000;-55100.0
899;51;-0.37944000000000006
899;55;-0.0336
899;300;-0.032859232
899;301;-0.032859232
899;303;-0.032859232
899;501;-0.002774475
899;502;-0.002774475
899;503;-0.002774475
899;512;-0.032859232
899;513;-0.032859232
899;899;1.0
900;482;-0.0623
900;520;-0.0623
900;900;1.0
900;995;-0.0623
901;52;-0.15252000000000002
901;53;-0.15252000000000002
901;166;-0.02417
901;901;1.0
902;51;-0.15252000000000002
902;300;-0.002658514
902;301;-0.002658514
902;302;-0.002658514
902;303;-0.002658514
902;304;-0.002658514
902;305;-0.002658514
902;306;-0.002658514
902;307;-0.002658514
902;512;-0.002658514
902;513;-0.002658514
902;902;1.0
903;449;-221090.0
903;517;-250.0
903;527;-231.2
903;567;-30.0
903;903;1.0
903;1030;-220.0
904;100;-120.0
904;101;-36.05
904;408;-800.0
904;489;-0.1
904;904;1.0
905;52;-0.15996000000000002
905;53;-0.15996000000000002
905;54;-0.0326
905;56;-0.0326
905;57;-0.0326
905;166;-0.0104257
905;205;-0.22226666666666667
905;423;-0.11484
905;529;-0.0326
905;530;-0.0326
905;537;-81.1
905;905;1.0
905;1000;-315000.0
906;51;-0.15996000000000002
906;55;-0.0326
906;129;-0.253709
906;300;-0.022225176
906;301;-0.022225176
906;302;-0.022225176
906;303;-0.022225176
906;304;-0.022225176
906;305;-0.022225176
906;306;-0.022225176
906;307;-0.022225176
906;384;-0.1295
906;482;-0.31
906;486;-0.059188796
906;491;-0.02
906;501;-0.059188796
906;502;-0.059188796
906;503;-0.059188796
906;504;-0.059188796
906;512;-0.022225176
906;513;-0.022225176
906;520;-0.31
906;533;-0.2088
906;576;-0.35
906;906;1.0
906;961;-0.01918
906;962;-1.78
906;995;-0.31
906;1076;-0.2088
907;508;-13.0
907;509;-13.0
907;741;-5.5
907;784;-16.0
907;786;-16.0
907;907;1.0
908;300;-0.063697993
908;301;-0.063697993
908;302;-0.063697993
908;303;-0.063697993
908;304;-0.063697993
908;305;-0.063697993
908;306;-0.063697993
908;307;-0.063697993
908;482;-1.112
908;486;-0.205681068
908;501;-0.205681068
908;502;-0.205681068
908;503;-0.205681068
908;504;-0.205681068
908;512;-0.063697993
908;513;-0.063697993
908;520;-1.112
908;533;-0.599
908;908;1.0
908;995;-0.7368
908;1076;-0.599
909;51;-1.11972
909;52;-1.11972
909;53;-1.11972
909;166;-0.321775
909;384;-16.287399999999998
909;423;-7.49232
909;909;1.0
910;52;-0.007440000000000001
910;910;1.0
911;911;1.0
911;1076;-1.23826772231672
912;168;-0.021529457899999997
912;912;1.0
913;913;1.0
914;423;-1.0246
914;914;1.0
915;224;210000.0
915;915;1.0
916;348;-3.217910447761195
916;916;1.0
917;348;-0.4833333333333334
917;917;1.0
918;533;9.12666307020198e-08
918;918;1.0
918;1076;9.12666307020198e-08
919;533;8.43645524060307e-07
919;919;1.0
919;1076;8.43645524060307e-07
920;300;0.000619633973189554
920;302;0.000619633973189554
920;304;0.000619633973189554
920;306;0.000619633973189554
920;486;0.001
920;512;0.0188412598664482
920;513;0.0188412598664482
920;533;1.76508784523767e-06
920;576;0.024773
920;920;1.0
920;961;-0.021707
920;1076;1.76508784523767e-06
921;50;-0.06696
921;921;1.0
922;168;-54.16707638
922;922;1.0
923;37;-4.468085106382978
923;120;-6.54e-06
923;923;1.0
924;226;-15.90552
924;228;-15.92628
924;230;-15.77786
924;232;-15.777
924;492;-0.06626062512549359
924;493;-0.08325134337394989
924;924;1.0
925;4;-0.06282106566803534
925;5;-0.06282119837903925
925;6;-0.06282530944162892
925;7;-0.06282513130300131
925;176;-8.815920398009952e-05
925;178;-0.1460031173458027
925;180;-0.0002441520467836257
925;182;-0.00039963461977620464
925;183;-0.10241007194244606
925;227;-15.90552
925;229;-15.92628
925;231;-15.77786
925;233;-15.77765
925;365;-0.764830508474576
925;385;-0.06282034128538083
925;386;-0.06282011295918416
925;387;-0.06281291549926048
925;389;-0.06282011295918416
925;597;-12.31802911534155
925;604;-0.1369
925;925;1.0
925;1004;-1.92
925;1005;-0.996
926;270;-46.0
926;486;-1.0
926;881;-1.8
926;926;1.0
927;927;1.0
927;1004;-0.00115
928;94;-0.0001878908128908129
928;928;1.0
929;226;-11.6966
929;228;-11.6966
929;230;-10.2846
929;232;-10.2846
929;929;1.0
930;227;-11.6966
930;229;-11.6966
930;231;-10.2846
930;233;-10.2846
930;930;1.0
931;4;-7.35751288389381e-06
931;5;-7.35751288389381e-06
931;6;-7.35751288389381e-06
931;7;-7.35751288389381e-06
931;186;-26700.0
931;385;-7.35751288389381e-06
931;386;-7.35751288389381e-06
931;387;-7.35751288389381e-06
931;389;-7.35751288389381e-06
931;931;1.0
932;494;-0.000285
932;932;1.0
932;1004;-0.004371787579187859
933;4;-3.095e-06
933;5;-3.095e-06
933;6;-3.095e-06
933;7;-3.095e-06
933;378;-0.31
933;385;-3.095e-06
933;386;-3.095e-06
933;387;-3.095e-06
933;389;-3.095e-06
933;933;1.0
934;385;0.004903063732112151
934;386;0.01084676955722356
934;934;1.0
935;4;0.0012852843910989183
935;5;0.0056041324981717594
935;6;0.0008459492464642289
935;7;0.005164605320643895
935;387;0.00467633856493721
935;388;-3.2
935;389;0.01027759469600731
935;390;-3.2
935;449;-500.0
935;935;1.0
936;227;-1.3688320452015703
936;229;-3.1408194342333
936;231;-2.871255614620274
936;233;-1.8926840673253715
936;489;-0.10080536912751678
936;494;-0.595374
936;564;-0.4598
936;568;-6.25
936;570;-1.93
936;601;-0.645
936;604;-1.33
936;936;1.0
936;1004;-2.829
936;1029;-0.4239
936;1034;-2.277
937;348;-53.23375
937;937;1.0
938;54;-0.0067
938;56;-0.0067
938;57;-0.0067
938;87;-0.52
938;136;-0.08724206185567011
938;137;-0.08724206185567011
938;140;-0.11285006195786863
938;164;-0.022910670648927507
938;165;-0.026205936920222633
938;170;-8.059
938;171;-3.3274760383386583
938;172;-0.021686746987951804
938;173;-0.06364293458619444
938;174;-0.1477832512315271
938;175;-0.4534
938;176;-0.21064676616915426
938;177;-0.1270260492040521
938;178;-0.03582720997550657
938;179;-0.02581085940309241
938;180;-0.021695906432748536
938;181;-7.518977227327207
938;182;-0.41950216944507884
938;183;-0.04676258992805756
938;184;-0.04368131868131868
938;185;-0.11183027687882056
938;192;-2.32
938;193;-0.10815126050420168
938;194;-0.17658064516129032
938;205;-0.23
938;235;-3.2
938;236;-3.2
938;237;-3.2
938;238;-3.2
938;241;-3.2
938;242;-3.2
938;243;-3.2
938;244;-3.2
938;245;-3.2
938;246;-3.2
938;247;-3.2
938;248;-3.2
938;249;-3.2
938;250;-3.2
938;251;-3.2
938;252;-3.2
938;347;-0.45662
938;365;-2.5
938;406;-0.049433085501858744
938;498;-0.578
938;529;-0.0067
938;530;-0.0067
938;593;-0.45
938;597;-58.0
938;938;1.0
939;507;-1.4583333333333333
939;510;-3.4
939;511;-3.4
939;512;-1.151473888888889
939;513;-1.151473888888889
939;524;-0.07964500000000001
939;573;-0.0087
939;576;-0.305
939;579;-0.636
939;939;1.0
939;961;-0.506
939;962;-4.55
939;963;-2.1
939;964;-0.5945945945945946
940;65;-0.00948
940;234;-2.7816
940;940;1.0
940;1043;-0.03885
941;50;-0.01959882
941;52;-0.03516144
941;53;-0.03516144
941;166;-0.0017653
941;168;-0.3859485764
941;169;-0.021103407692307695
941;383;-0.0002502
941;423;-0.00990792
941;941;1.0
942;36;-0.0010215622605713453
942;37;-4.0
942;38;-1.35
942;39;-1.1875
942;40;-1.1875
942;41;-1.2616
942;120;-1.3
942;301;-7.26
942;303;-6.873695339
942;305;-6.873695339
942;307;-7.26
942;393;-3.47
942;486;-0.440587837837838
942;491;-0.002
942;501;-0.440587837837838
942;502;-0.440587837837838
942;503;-0.440587837837838
942;504;-0.440587837837838
942;527;-1000.0
942;533;-0.416
942;557;-0.416
942;640;-1.3888888888888888
942;942;1.0
942;1076;-0.416
943;58;-0.2098889884
943;294;-0.2098889884
943;492;-0.17937219730941703
943;881;-0.55
943;943;1.0
943;1005;-0.0344
944;881;-13.75
944;944;1.0
945;533;-2.35
945;945;1.0
945;1076;-2.35
946;169;-0.003851312637362637
946;946;1.0
947;6;-0.03267116725616355
947;7;-0.03267107461838828
947;387;-0.03210538213467175
947;389;-0.03265979865774224
947;947;1.0
948;533;-0.026
948;948;1.0
948;1076;-0.026
949;482;-0.0153
949;491;-0.02
949;520;-0.0153
949;533;-0.3091
949;949;1.0
949;995;-0.0153
949;1076;-0.3091
950;533;-0.0246
950;950;1.0
950;1076;-0.0246
951;482;-0.0096
951;520;-0.0096
951;951;1.0
951;995;-0.0096
952;508;-2.7
952;509;-2.7
952;952;1.0
953;120;-3.33e-07
953;393;-3.33e-07
953;953;1.0
954;100;-50.0
954;101;-1.0
954;201;-0.8
954;494;-0.01304
954;566;-0.1571
954;568;-1.0
954;601;-0.15
954;954;1.0
954;1004;-0.7356
954;1034;-0.3
955;150;-0.03952941176470588
955;955;1.0
956;95;-7752.0
956;100;-400.0
956;101;-73.0
956;193;-0.08941176470588236
956;194;-0.11388172043010752
956;195;-0.875
956;205;-0.12000000000000001
956;956;1.0
956;1029;-0.164
957;156;-0.4770531400966183
957;429;-1.0
957;957;1.0
958;100;-80.0
958;101;-11.0
958;337;-4800.0
958;494;-0.021846
958;601;-0.01
958;958;1.0
958;993;-0.1705
958;994;-0.155
958;1004;-0.188
959;145;-145.0
959;148;-57.0
959;397;-16000.0
959;494;-0.43978894899544746
959;564;-0.9698499999507729
959;566;-0.8439
959;570;-1.0
959;601;-0.45
959;959;1.0
959;993;-0.3298
959;994;-0.3317
959;1010;-1.0
959;1022;-0.25
959;1029;-0.5027
959;1034;-0.6
960;294;-1.02
960;960;1.0
961;961;1.0
961;963;-2.22
962;741;-0.8
962;962;1.0
963;576;-1.13
963;963;1.0
964;574;-0.8032128514056225
964;964;1.0
965;965;1.0
966;966;1.0
967;967;1.0
968;968;1.0
969;969;1.0
970;970;1.0
971;971;1.0
972;972;1.0
973;973;1.0
974;974;1.0
975;975;1.0
976;976;1.0
977;977;1.0
978;978;1.0
979;979;1.0
980;980;1.0
981;981;1.0
982;982;1.0
983;983;1.0
984;984;1.0
985;985;1.0
986;986;1.0
987;987;1.0
988;988;1.0
989;989;1.0
990;990;1.0
991;991;1.0
992;518;-80000.0
992;992;1.0
993;993;1.0
994;994;1.0
995;36;-0.20029917180488163
995;995;1.0
996;996;1.0
997;59;-0.2857142857142857
997;997;1.0
998;58;-2.3377536e-08
998;998;1.0
999;294;-2.3377536e-08
999;999;1.0
1000;1000;1.0
1000;1043;-4.227972264501945e-09
1000;1044;-4.22e-06
1001;193;-0.08621848739495798
1001;205;-1.1106666666666667
1001;1001;1.0
1002;393;-0.000518
1002;1002;1.0
1003;478;-500.0
1003;519;-854.0
1003;1003;1.0
1004;1004;1.0
1005;492;-0.011457566427949933
1005;493;-0.013959316161692605
1005;1005;1.0
1006;960;-0.0001765536723163842
1006;1006;1.0
1007;1007;1.0
1007;1008;-125.0
1008;497;-1.09529e-07
1008;1008;1.0
1009;347;-0.59361
1009;517;-1000.0
1009;527;-1300.0
1009;567;-180.0
1009;587;-1180.0
1009;1004;-0.017635739015048158
1009;1009;1.0
1009;1030;-1320.0
1010;1010;1.0
1011;518;-1.0
1011;1011;1.0
1012;1012;1.0
1012;1030;-220.0
1013;347;-0.18493
1013;517;-1500.0
1013;527;-405.0
1013;1013;1.0
1014;347;-0.091324
1014;517;-1000.0
1014;527;-400.0
1014;1014;1.0
1014;1030;-1320.0
1015;1015;1.0
1015;1083;-97.5
1016;609;-0.0148
1016;610;-0.07485549132947976
1016;611;-0.003322457008335008
1016;1016;1.0
1017;512;-10.7593542
1017;513;-10.7593542
1017;1017;1.0
1018;156;-0.04830917874396135
1018;347;-0.18493
1018;429;-1.0
1018;517;-1500.0
1018;527;-405.0
1018;1018;1.0
1019;1008;-818.0
1019;1019;1.0
1020;478;-500.0
1020;519;-454.0
1020;587;-1180.0
1020;595;-2000.0
1020;1020;1.0
1020;1083;-3000.0
1021;94;-8.011405597447662e-06
1021;277;-0.008121642538468542
1021;1021;1.0
1022;1022;1.0
1023;226;-5.348319914762801e-10
1023;228;-5.348319914762801e-10
1023;230;-5.348319914762801e-10
1023;231;-5.348319914762801e-10
1023;232;-5.348319914762801e-10
1023;233;-5.348319914762801e-10
1023;1023;1.0
1024;227;-5.348319914762801e-10
1024;229;-5.348319914762801e-10
1024;1024;1.0
1025;741;-0.2
1025;1025;1.0
1026;478;-120.0
1026;1026;1.0
1026;1083;-52.5
1027;94;-1.077767569163363e-05
1027;197;-0.009018759018759018
1027;277;-0.01092597650915051
1027;1027;1.0
1028;393;-0.00862
1028;1028;1.0
1029;1029;1.0
1030;345;-0.09476
1030;1030;1.0
1031;1031;1.0
1032;1032;1.0
1033;1033;1.0
1034;1034;1.0
1035;587;-1418.0
1035;1035;1.0
1036;234;-0.42432000000000003
1036;1036;1.0
1037;478;-15000.0
1037;587;-118.0
1037;595;-2000.0
1037;1037;1.0
1037;1083;-4000.0
1038;235;-0.25
1038;236;-0.25
1038;237;-0.25
1038;238;-0.25
1038;239;-0.25
1038;240;-0.25
1038;241;-0.25
1038;242;-0.25
1038;243;-0.25
1038;244;-0.25
1038;245;-0.25
1038;246;-0.25
1038;247;-0.25
1038;248;-0.25
1038;249;-0.25
1038;250;-0.25
1038;251;-0.25
1038;252;-0.25
1038;1038;1.0
1039;613;-0.24
1039;1039;1.0
1040;498;-7.439999999999999e-05
1040;1040;1.0
1041;1000;-26.0
1041;1041;1.0
1042;1000;-10.4
1042;1042;1.0
1043;1043;1.0
1044;65;-0.00152
1044;498;-0.001
1044;1044;1.0
1045;493;-2.775044779131663
1045;1045;1.0
1046;1046;1.0
1047;537;237.0
1047;1047;1.0
1048;537;158.0
1048;1048;1.0
1049;234;-0.50532
1049;1049;1.0
1050;537;5.0
1050;1050;1.0
1051;120;-0.031
1051;1051;1.0
1052;1000;4400000.0
1052;1052;1.0
1053;1053;1.0
1054;961;8.596
1054;1054;1.0
1055;1055;1.0
1056;1000;135000.0
1056;1056;1.0
1057;492;-2.20868750418312
1057;1057;1.0
1058;498;0.003
1058;1058;1.0
1059;1059;1.0
1060;1060;1.0
1061;1061;1.0
1062;1062;1.0
1063;186;9520.0
1063;200;14400000.0
1063;1063;1.0
1064;234;-0.22848000000000002
1064;1064;1.0
1065;393;-0.000773
1065;1065;1.0
1066;1000;5120.0
1066;1066;1.0
1067;200;828000000.0
1067;1067;1.0
1068;489;0.005646979865771813
1068;494;1.984e-05
1068;1004;0.0022011500000000002
1068;1029;0.020491803278688527
1068;1068;1.0
1069;178;0.7014028056112225
1069;226;-0.012439
1069;228;-0.012439
1069;230;-0.007398
1069;232;-0.007398
1069;1069;1.0
1070;54;6.89e-07
1070;55;6.89e-07
1070;56;6.89e-07
1070;57;6.89e-07
1070;227;-0.012439
1070;229;-0.012439
1070;231;-0.007398
1070;233;-0.007398
1070;529;6.89e-07
1070;530;6.89e-07
1070;1070;1.0
1071;393;-0.000227
1071;1071;1.0
1072;881;1.8
1072;1072;1.0
1073;230;-2.8615461179087874e-07
1073;232;-2.8615461179087874e-07
1073;1073;1.0
1074;231;-2.8615461179087874e-07
1074;233;-2.8615461179087874e-07
1074;1074;1.0
1075;567;-15.0
1075;1030;-220.0
1075;1075;1.0
1076;557;-0.024
1076;1076;1.0
1077;234;-9.339599999999999
1077;1077;1.0
1078;610;-0.259949005461631
1078;611;-0.02321022919173869
1078;614;-0.5662112522518122
1078;615;-0.178477919480956
1078;616;-0.1287314802939144
1078;618;-0.0004444342291409797
1078;620;-0.0002789332338113198
1078;621;-0.006761985095598678
1078;622;-0.003777442815125344
1078;626;-0.2862170085125734
1078;627;-0.3075881843360804
1078;628;-0.248640439665185
1078;631;-0.07539889666029369
1078;632;-7.272131242396593
1078;633;-1.0089543331548967
1078;636;-1.9999999999999996
1078;637;-1.995
1078;638;-1.9999999999999996
1078;1078;1.0
1079;613;-0.1895833262163252
1079;1079;1.0
1080;612;-0.4236575819527788
1080;625;-0.3089650801106328
1080;630;-1.0089543331548967
1080;634;-1.9999999999999993
1080;1080;1.0
1081;566;-0.001756
1081;568;-5.0
1081;1081;1.0
1082;567;-45.0
1082;1030;-440.0
1082;1082;1.0
1083;497;-1.09529e-07
1083;1083;1.0
