0;0;1
0;886;-0.0006888
1;1;1
1;275;-0.0057
1;458;-0.049470228
2;2;1
2;615;-0.989278752
3;3;1
3;502;-1.10E-07
4;4;1
4;422;-700
5;5;1
6;6;1
7;7;1
7;98;-34.4
8;8;1
8;542;4400000
9;9;1
9;336;-0.2555
10;10;1
11;11;1
11;675;-0.81
12;12;1
12;143;-0.025005567
13;13;1
14;14;1
15;15;1
15;22;-0.003
16;16;1
16;261;-0.072841184
17;17;1
17;380;-1.86E-05
17;741;-8.98E-06
18;18;1
19;19;1
19;44;-1.23E-05
19;274;-0.07748016
19;299;-0.087894527
19;405;-0.1
19;432;-0.00013163
19;596;-0.00018896
19;680;-0.190816327
20;20;1
21;21;1
21;446;-2.2084524
22;22;1
22;395;-0.1
23;23;1
23;157;-0.25
23;429;-0.25
23;455;-0.46
24;24;1
25;25;1
25;123;-0.002567858
25;640;-0.013474704
25;859;-0.00215716
26;26;1
27;27;1
28;28;1
29;29;1
29;345;-0.003810178
29;949;-0.006806554
30;30;1
30;390;-0.0069264
31;31;1
31;358;-1320
31;471;-0.091324
31;572;-400
31;930;-1000
32;32;1
32;455;-15
33;33;1
33;894;-0.22
34;20;-0.064615385
34;34;1
35;35;1
36;36;1
37;37;1
37;587;-0.129169526
38;38;1
39;39;1
40;40;1
40;698;-2.97E-06
41;41;1
41;828;-0.026930684
41;879;-0.098259516
42;42;1
43;43;1
43;151;-0.13
43;275;-0.0019
43;465;-0.042
43;581;-0.08
43;813;-0.044
43;866;-0.029
44;44;1
44;116;-29.2388
45;45;1
45;640;-0.002497036
45;919;-0.003545953
46;46;1
47;16;-1
47;47;1
47;634;-0.47705314
48;48;1
49;49;1
49;274;-0.026784
50;50;1
51;39;-57500
51;51;1
51;59;-9.66E-08
51;234;-9.66E-08
51;271;-9.66E-08
51;276;-9.66E-08
51;304;-9.66E-08
51;410;-9.66E-08
51;815;-9.66E-08
51;912;-9.66E-08
52;52;1
52;408;-0.12
53;53;1
54;54;1
55;55;1
55;501;-0.027691892
56;56;1
57;57;1
57;253;-1.02
58;58;1
58;123;-0.232543924
58;640;-0.020299412
58;859;-0.010873909
58;919;-0.014895421
59;59;1
59;792;-122.4
60;60;1
61;61;1
61;140;-0.97946
62;62;1
62;542;-4400000
63;63;1
63;455;-0.019
64;64;1
64;888;-0.00051188
65;65;1
66;66;1
67;67;1
67;571;-80
67;676;-4800
67;819;-11
68;68;1
68;799;-1.8535
69;69;1
69;963;-1.640994357
70;70;1
71;71;1
71;458;-0.000598
71;462;-0.005001798
72;72;1
72;123;-0.003053083
72;859;-0.000517184
73;73;1
73;377;-0.89
74;74;1
74;123;-0.021792782
74;640;-0.004133446
74;859;-15.91877314
74;919;-3.531549205
75;75;1
75;272;-0.752
76;76;1
76;275;-0.021
77;77;1
78;78;1
79;79;1
79;868;-2.291666667
80;80;1
81;81;1
81;408;-0.3
82;41;-0.190386916
82;82;1
82;345;-0.017072857
82;717;-0.013128062
82;727;-0.220408163
82;736;-0.195769337
82;838;-0.164528338
82;949;-0.019061991
83;83;1
83;907;-1.00057
84;84;1
84;728;-1
85;59;-3.02E-06
85;85;1
85;234;-3.02E-06
85;271;-3.02E-06
85;276;-3.02E-06
85;304;-3.02E-06
85;410;-3.02E-06
85;815;-3.02E-06
85;871;-0.57
85;912;-3.02E-06
86;86;1
86;396;-0.012598425
87;87;1
88;70;-0.3725
88;88;1
89;89;1
89;408;-0.0006
90;90;1
90;685;-0.4
91;91;1
91;458;-0.07349
92;92;1
92;206;-1
92;237;-0.3
92;458;-0.7356
92;571;-50
92;819;-1
92;886;-0.01304
92;922;-0.1571
92;957;-0.15
93;93;1
94;94;1
95;57;-10.68991
95;95;1
95;234;-0.069317782
95;271;-0.051247425
95;410;-0.051343058
95;815;-0.069535529
95;823;-19.58557
95;830;-10.6899
95;880;-19.58557
96;96;1
96;140;-0.97946
97;97;1
97;640;-0.001714019
98;98;1
98;494;-0.240500241
99;99;1
99;271;-4.77E-08
99;276;-5.11E-08
99;410;-4.67E-08
99;912;-5.29E-08
100;100;1
100;377;-0.11
100;972;-0.11
101;59;-1.69E-06
101;101;1
101;234;-1.69E-06
101;271;-1.69E-06
101;276;-1.69E-06
101;304;-1.69E-06
101;410;-1.69E-06
101;458;-0.001047875
101;675;-0.19
101;815;-1.69E-06
101;912;-1.69E-06
102;102;1
102;360;-0.3
103;103;1
104;104;1
104;261;-1
105;105;1
106;106;1
106;347;-0.000518
107;107;1
107;458;-0.007063142
107;634;-0.252415459
107;813;-0.032
108;108;1
108;347;-0.000773
109;109;1
109;458;-0.000629988
110;110;1
110;542;-270000
111;111;1
112;112;1
112;494;-0.000150313
112;808;-0.075
112;858;-0.00015
113;113;1
114;114;1
115;115;1
115;957;-0.000695
116;116;1
116;636;-1.00057
117;66;-0.017985828
117;117;1
118;118;1
119;40;-23.1937121
119;119;1
119;250;-60
119;358;-220
119;808;-15
120;120;1
121;121;1
122;80;-2.34E-08
122;122;1
123;123;1
124;116;-0.00629264
124;124;1
124;294;-0.002269696
124;446;-0.007552716
124;458;-0.00146
124;459;-0.07823
125;125;1
125;587;-0.056005491
126;126;1
126;271;-9.53E-08
126;276;-1.02E-07
126;410;-9.34E-08
126;912;-1.06E-07
127;127;1
127;698;-1.69E-07
128;128;1
129;59;-0.032671075
129;129;1
129;276;-0.032659799
129;410;-0.032105382
129;815;-0.032671167
130;130;1
131;131;1
132;69;-0.263197026
132;132;1
133;133;1
134;134;1
134;637;-0.75
135;135;1
135;458;0.00220115
135;805;0.00564698
135;886;1.98E-05
135;975;0.020491803
136;136;1
136;458;-0.002377
137;137;1
138;138;1
139;139;1
139;640;-0.006408572
140;21;-55.303
140;140;1
141;141;1
141;572;-3600
142;142;1
142;656;-0.9
142;711;-0.96
143;143;1
143;267;-1.623057463
144;144;1
144;459;-0.6675
145;145;1
146;146;1
146;390;-9.3396
147;147;1
148;148;1
148;299;-1.110667199
149;123;-0.000640343
149;149;1
149;859;-0.000494416
150;150;1
151;151;1
151;829;-0.087
152;152;1
152;390;-0.16752
153;153;1
154;123;-45.14627005
154;154;1
154;640;-5.249024888
154;859;-2.19478676
154;919;-2.990521172
155;155;1
155;711;-0.02
156;156;1
156;408;-4.78E-07
157;157;1
157;222;-0.94
157;972;-0.89
158;158;1
158;700;-1.0246
159;159;1
159;383;-5210
160;160;1
161;161;1
161;459;-4.81E-06
162;162;1
162;808;-0.483333333
163;163;1
164;164;1
165;165;1
165;808;-5
166;41;-0.019674574
166;166;1
166;345;-0.009062044
166;727;-0.021258503
166;736;-0.016184634
166;838;-0.007140987
166;949;-0.01618856
167;167;1
167;408;-0.0012
168;168;1
168;542;-2000
169;169;1
169;234;-2.36E-06
169;271;-1.74E-06
169;410;-1.75E-06
169;815;-2.36E-06
170;170;1
170;459;-0.002780933
171;171;1
172;172;1
172;383;-250
173;15;-1
173;151;-0.49
173;173;1
173;241;-1
173;247;-1
173;275;-0.85
173;383;-26600
173;465;-0.96
173;813;-0.0014
173;887;-1
173;895;-1
174;174;1
174;899;-1.02
175;175;1
175;414;-2.86E-07
175;830;-2.86E-07
176;33;-1.50E-10
176;90;-1.00E-10
176;100;-1.50E-10
176;176;1
176;258;-1.50E-10
176;300;-1.10E-10
176;581;-7.70E-11
176;621;-1.40E-10
176;643;-1.50E-10
177;177;1
178;178;1
178;261;-1
179;179;1
179;272;-0.00504
180;180;1
180;408;-0.006
181;41;-0.001603478
181;123;-0.001479143
181;181;1
181;717;-0.001603478
181;736;-0.001662971
181;741;-0.001598011
181;859;-0.001135944
182;95;-0.00152
182;182;1
182;789;-0.001
183;183;1
183;261;-1
184;184;1
185;123;-0.001956129
185;185;1
185;640;-0.002777436
185;859;-0.001534916
186;15;-1
186;40;-114.422313
186;84;-57
186;131;-0.5
186;151;-0.49
186;172;-0.9
186;186;1
186;237;-0.6
186;241;-1
186;247;-1
186;275;-0.85
186;383;-26600
186;408;-210
186;450;-145
186;465;-0.96
186;469;-0.3317
186;542;-270000
186;695;-0.3298
186;776;-1
186;813;-0.0014
186;858;-0.96985
186;868;-16000
186;887;-1
186;895;-1
186;957;-0.3
186;959;-4760
186;975;-0.5027
187;187;1
187;271;-3.57E-08
187;276;-3.83E-08
187;410;-3.50E-08
187;912;-3.96E-08
188;188;1
189;39;-1800000
189;189;1
190;190;1
190;347;-0.00182
191;191;1
191;572;-7
192;178;-0.142857143
192;192;1
193;123;-0.001478614
193;193;1
193;859;-0.000687128
194;194;1
195;69;-0.01052974
195;132;-0.05
195;195;1
196;196;1
196;938;-0.04
197;44;-0.000891
197;68;-0.0001246
197;197;1
197;401;-0.000234
197;432;-0.0008965
197;541;-0.00024362
197;596;-0.0007239
197;799;-8.93E-05
198;198;1
199;199;1
200;26;-0.000584
200;200;1
200;215;-0.000584
200;333;-0.000584
200;570;-0.000584
200;591;-0.000584
200;636;-0.000584
200;758;-0.000584
200;867;-0.000584
200;901;-0.000584
200;907;-0.000584
200;939;-0.000584
201;201;1
201;347;-0.000555
202;202;1
202;408;-6300
203;203;1
204;204;1
205;205;1
206;206;1
207;22;-0.2
207;26;-0.0336
207;102;-0.2
207;116;-0.38056
207;158;-0.0199
207;207;1
207;215;-0.0336
207;274;-0.37944
207;294;-0.08008
207;333;-0.0336
207;390;-1.13976
207;408;-487
207;542;-55100
207;570;-0.0336
207;591;-0.0336
207;636;-0.0336
207;643;-0.2
207;648;-0.37944
207;685;-0.2
207;758;-0.0336
207;849;-0.27336
207;852;-0.37944
207;867;-0.0336
207;888;-0.38056
207;901;-0.0336
207;907;-0.0336
207;910;-0.23316
207;939;-0.0336
207;940;-0.22
208;208;1
209;209;1
209;430;-0.5
209;490;-0.5
210;102;-0.00041
210;210;1
211;20;-0.127692308
211;211;1
212;212;1
213;213;1
213;494;-8.01E-06
213;516;-0.008121643
214;210;-1
214;214;1
215;215;1
216;216;1
217;20;-0.256923077
217;217;1
218;66;-0.001287977
218;218;1
219;219;1
220;220;1
220;510;-0.035
220;656;-0.035
220;711;-0.02
221;221;1
222;222;1
223;223;1
223;813;-0.45
224;224;1
224;272;-0.0273
225;225;1
226;226;1
226;383;-64
227;80;-1.02
227;227;1
228;228;1
229;229;1
230;73;-0.02
230;217;-0.02
230;222;-0.02
230;230;1
230;326;-0.05
230;510;-0.05
230;656;-0.05
230;808;-0.008333333
231;157;-0.95
231;231;1
232;232;1
232;648;-37.223436
233;26;7.50E-05
233;215;7.50E-05
233;233;1
233;333;7.50E-05
233;570;7.50E-05
233;591;7.50E-05
233;636;7.50E-05
233;758;7.50E-05
233;867;7.50E-05
233;901;7.50E-05
233;907;7.50E-05
233;939;7.50E-05
234;234;1
234;945;-122.4
235;235;1
235;542;-2000
236;174;-0.066260625
236;236;1
236;414;-15.777
236;419;-15.90552
236;718;-0.083251343
236;830;-15.77786
236;880;-15.92628
237;237;1
238;44;-0.0026
238;238;1
238;432;-0.00405
238;541;-0.00108
238;596;-0.0013
239;239;1
240;41;-0.019249603
240;240;1
240;345;-0.042744787
240;717;-0.032868325
240;727;-0.02599915
240;736;-0.019793808
240;838;-0.023289139
240;949;-0.047724921
241;241;1
241;829;-0.35
242;80;-8.48E-08
242;242;1
242;899;-8.48E-08
243;243;1
244;44;-0.0002
244;68;-0.00058
244;244;1
244;432;-0.00056
244;541;-0.00026
244;596;-0.0003
245;245;1
245;938;-1.97
246;246;1
246;274;-1.11972
246;294;-1.19262
246;501;-0.1892
246;849;-1.11756
246;888;-1.11756
246;910;-8.819076
247;102;-0.79
247;247;1
248;41;-2.694944422
248;123;-0.008283844
248;248;1
248;345;-3.41958294
248;640;-0.013882814
248;717;-1.972099487
248;727;-3.119897959
248;736;-2.771133086
248;838;-2.328913856
248;859;-0.001798411
248;919;-0.002813629
248;949;-3.817993676
249;98;-0.0172
249;249;1
249;347;-0.000773
250;127;-1
250;250;1
251;251;1
251;459;-0.008372
252;252;1
252;938;-2.96
253;253;1
254;254;1
255;255;1
255;408;-0.06
256;256;1
256;888;-0.0023852
257;20;-0.258461538
257;257;1
258;258;1
258;940;-0.038
259;259;1
259;274;-0.11309544
259;446;-0.059706
259;648;-0.09552216
259;852;-0.09528408
260;80;-0.041393706
260;260;1
261;70;-1.125
261;261;1
262;262;1
262;752;-0.00556
263;83;-0.001075499
263;123;-1.769681578
263;263;1
263;640;-0.307008684
263;859;-0.114706878
263;877;-0.000562852
263;919;-0.167929514
263;985;-0.001075499
264;26;6.27E-06
264;215;6.27E-06
264;264;1
264;333;6.27E-06
264;570;6.27E-06
264;591;6.27E-06
264;636;6.27E-06
264;758;6.27E-06
264;867;6.27E-06
264;901;6.27E-06
264;907;6.27E-06
264;939;6.27E-06
265;178;-0.285714286
265;265;1
266;266;1
266;554;-80000
267;267;1
267;435;-1.001085384
268;268;1
268;471;-0.18493
268;572;-405
268;930;-1500
269;66;-0.002866503
269;269;1
270;183;-0.009018759
270;270;1
270;494;-1.08E-05
270;516;-0.010925977
271;271;1
271;965;-122.4
272;272;1
272;656;-0.015
273;272;-0.251
273;273;1
274;274;1
274;758;-1.00057
275;22;-0.48
275;275;1
276;276;1
276;662;-120
277;277;1
277;640;-0.001417008
278;123;-0.15709235
278;278;1
278;640;-0.055398763
278;859;-0.125231455
278;919;-0.00622539
279;279;1
280;123;-0.011464144
280;280;1
280;640;-0.001661297
280;859;-0.000604191
281;281;1
281;910;-0.13936
282;282;1
283;44;-0.0004
283;283;1
284;284;1
285;15;-4.60E-10
285;151;-2.20E-10
285;241;-4.60E-10
285;247;-4.60E-10
285;285;1
285;465;-4.40E-10
285;497;-4.60E-10
285;595;-4.60E-10
285;724;-3.80E-10
285;887;-4.60E-10
285;895;-4.60E-10
285;960;-4.40E-10
286;271;-2.38E-10
286;276;-2.56E-10
286;286;1
286;410;-2.34E-10
286;912;-2.64E-10
287;123;-0.026128368
287;287;1
287;640;-0.006616576
287;859;-0.002992364
287;919;-0.030350674
288;288;1
289;289;1
289;403;-0.031548947
290;57;-15.77786
290;59;-0.062825131
290;132;-0.764830508
290;143;-0.146003117
290;148;-0.102410072
290;234;-0.062821066
290;271;-0.062820341
290;276;-0.062820113
290;290;1
290;304;-0.062821198
290;319;-0.000399635
290;410;-0.062812915
290;458;-1.92
290;459;-0.1369
290;461;-15.90552
290;615;-0.000244152
290;687;-8.82E-05
290;690;-15.77765
290;698;-12.31802912
290;765;-0.996
290;815;-0.062825309
290;823;-15.92628
290;912;-0.062820113
291;44;-4.44E-05
291;66;-9.52E-05
291;68;-2.98E-05
291;271;-2.38E-08
291;276;-2.56E-08
291;291;1
291;401;-3.03E-08
291;410;-2.34E-08
291;432;-1.20E-07
291;541;-3.00E-08
291;596;-1.00E-07
291;799;-9.96E-07
291;888;-2.63E-05
291;912;-2.64E-08
292;20;-5.007692308
292;98;-6.54E-06
292;118;-380
292;292;1
292;587;-4.468085106
292;956;-380
293;293;1
293;687;-0.0200199
294;26;-1.00057
294;294;1
295;295;1
296;296;1
296;432;-0.00015271
296;596;-0.00021921
297;297;1
298;298;1
298;347;-0.0177
299;299;1
299;482;-1.999201278
300;300;1
300;685;-0.48
301;174;-0.001104344
301;301;1
301;718;-0.001345476
302;44;-0.0013
302;68;-0.00032
302;140;-0.0001751
302;302;1
302;432;-0.00184
302;541;-0.00035
302;596;-0.0011
303;303;1
303;502;-1.10E-07
304;36;-122.4
304;304;1
305;123;-0.247542731
305;305;1
305;640;-0.044366261
305;859;-0.017375394
305;919;-0.023109227
306;306;1
307;307;1
307;886;-5.26E-06
307;975;-8.11E-05
308;174;-8.97E-06
308;308;1
308;718;-9.13E-06
309;309;1
309;938;-0.27
310;174;-0.028160766
310;310;1
310;718;-0.035381821
311;311;1
311;390;-0.0103752
312;183;-0.003006253
312;312;1
312;494;-0.000225469
313;313;1
314;314;1
314;390;-0.50532
315;274;-0.013392
315;315;1
315;458;-0.001194
315;765;-0.0081
316;90;-2.60E-10
316;151;-3.80E-10
316;210;-7.40E-10
316;300;-2.20E-10
316;316;1
316;379;-7.40E-10
316;465;-3.10E-11
316;581;-3.50E-10
316;611;-7.40E-10
316;621;-6.70E-11
316;637;-7.40E-10
316;724;-1.30E-10
316;851;-7.40E-10
316;960;-2.30E-11
316;964;-7.40E-10
317;317;1
318;123;-0.00060825
318;318;1
318;859;-0.000469432
319;143;-0.975061234
319;319;1
320;320;1
321;26;-2.60E-10
321;215;-2.60E-10
321;321;1
321;333;-2.60E-10
321;570;-2.60E-10
321;591;-2.60E-10
321;636;-2.60E-10
321;758;-2.60E-10
321;867;-2.60E-10
321;901;-2.60E-10
321;907;-2.60E-10
321;939;-2.60E-10
322;322;1
322;458;-0.001330261
323;323;1
323;808;-53.23375
324;2;-0.147783251
324;26;-0.0067
324;36;-3.2
324;38;-3.2
324;57;-2.871255615
324;69;-0.049433086
324;83;-0.087242062
324;105;-3.2
324;131;-1.93
324;132;-2.5
324;143;-0.03582721
324;148;-0.04676259
324;172;-0.45
324;206;-6.25
324;212;-3.2
324;215;-0.0067
324;237;-2.277
324;253;-3.2
324;267;-0.063642935
324;295;-3.2
324;299;-7.518977227
324;319;-0.419502169
324;324;1
324;331;-3.2
324;333;-0.0067
324;336;-2.32
324;359;-3.2
324;396;-0.022910671
324;403;-0.112850062
324;405;-0.23
324;414;-1.892684067
324;419;-1.368832045
324;435;-0.127026049
324;458;-2.829
324;459;-1.33
324;461;-1.368832045
324;462;-0.025810859
324;471;-0.45662
324;482;-3.327476038
324;530;-3.2
324;570;-0.0067
324;591;-0.0067
324;615;-0.021695906
324;636;-0.0067
324;642;-0.52
324;666;-0.176580645
324;680;-0.026205937
324;687;-0.210646766
324;690;-1.892684067
324;698;-58
324;737;-3.2
324;752;-0.00556
324;758;-0.0067
324;761;-3.2
324;763;-8.059
324;789;-0.578
324;792;-3.2
324;805;-0.100805369
324;823;-3.140819434
324;830;-2.871255615
324;835;-0.043681319
324;850;-0.108151261
324;858;-0.4598
324;867;-0.0067
324;880;-3.140819434
324;886;-0.595374
324;893;-3.2
324;901;-0.0067
324;907;-0.0067
324;939;-0.0067
324;945;-3.2
324;957;-0.645
324;963;-0.021686747
324;965;-3.2
324;974;-0.111830277
324;975;-0.4239
324;978;-0.4534
324;980;-3.2
324;985;-0.087242062
325;325;1
325;347;-0.000909
326;326;1
326;587;-0.3891558
327;327;1
327;446;-0.06696
328;116;-5.87992
328;132;-49.71610169
328;158;-0.02826
328;232;-0.00403
328;294;-6.24624
328;328;1
328;446;-2.67282
328;501;-0.004
328;648;-12.28716
328;700;-0.004
328;849;-1.99392
328;852;-1.2276
328;876;-0.2806
329;329;1
329;458;-0.188
329;469;-0.155
329;571;-80
329;676;-4800
329;695;-0.1705
329;819;-11
329;886;-0.021846
329;957;-0.01
330;271;-1.67E-07
330;276;-1.79E-07
330;330;1
330;410;-1.64E-07
330;912;-1.85E-07
331;331;1
332;332;1
333;333;1
334;334;1
334;347;-0.000227
335;335;1
336;336;1
337;337;1
338;338;1
339;18;-1
339;339;1
339;749;-1
340;271;-7.15E-12
340;276;-7.67E-12
340;340;1
340;410;-7.01E-12
340;912;-7.93E-12
341;123;-7.02E-06
341;341;1
341;859;-0.000623529
342;342;1
342;886;-0.0016534
342;975;-0.182
343;275;-1.70E-05
343;343;1
344;344;1
344;408;-42.2
345;332;-0.2343462
345;345;1
345;828;-0.17011727
346;346;1
346;529;0.76
347;347;1
348;66;-0.584355859
348;123;-0.013690976
348;182;-0.00026
348;348;1
348;640;-0.010519519
348;859;-0.004708909
348;919;-0.012199475
349;349;1
349;405;-0.12
349;418;-7752
349;571;-400
349;666;-0.11388172
349;819;-73
349;850;-0.089411765
349;896;-0.875
349;975;-0.164
350;350;1
350;789;0.003
351;351;1
352;140;-9.72E-10
352;352;1
353;66;-0.000136443
353;123;-0.001936148
353;353;1
353;859;-0.001251633
354;123;-0.029230582
354;354;1
354;640;-0.004800907
354;859;-0.001931656
354;919;-0.002410616
355;355;1
356;356;1
356;789;-5.4
357;357;1
358;358;1
358;790;-0.09476
359;359;1
360;360;1
360;395;-0.8
361;361;1
361;458;-0.00115
362;362;1
363;37;-1
363;211;-1
363;363;1
363;458;-0.188
363;497;-1
363;595;-1
364;364;1
364;529;-0.3802
365;123;-0.016970558
365;365;1
365;380;-0.015920868
365;741;-0.013626561
365;859;-0.013046768
366;123;-0.00181917
366;366;1
366;640;-0.002223858
366;859;-0.001599536
367;123;-0.009989665
367;367;1
367;640;-0.275730214
367;859;-0.001458967
367;919;-0.001194371
368;41;-4.07E-05
368;345;-5.48E-05
368;368;1
368;380;-6.03E-05
368;717;-3.70E-05
368;727;-5.30E-05
368;736;-4.23E-05
368;741;-4.14E-05
368;838;-6.04E-05
368;949;-4.81E-05
369;369;1
369;383;-1180
369;724;-0.57
369;813;-0.27
369;960;-0.97
370;3;-2000
370;303;-3000
370;370;1
370;444;-500
370;589;-454
370;925;-1180
371;371;1
372;372;1
373;373;1
374;374;1
374;888;-0.0006834
375;375;1
375;541;-1.00E-05
376;80;-4.40E-09
376;174;-5.21E-06
376;376;1
376;718;-5.31E-06
376;899;-4.40E-09
376;957;-1.18E-06
377;377;1
377;956;-0.43
378;378;1
378;587;-0.211530542
379;379;1
379;940;-0.02
380;380;1
380;751;-0.229115924
381;275;-2.00E-08
381;381;1
381;813;-2.00E-08
381;866;-2.00E-08
382;382;1
383;36;-1.69E-07
383;38;-1.69E-07
383;105;-1.69E-07
383;212;-1.69E-07
383;253;-1.69E-07
383;295;-1.69E-07
383;306;-1.69E-07
383;331;-1.69E-07
383;359;-1.69E-07
383;383;1
383;530;-1.69E-07
383;619;-1.69E-07
383;737;-1.69E-07
383;761;-1.69E-07
383;792;-1.69E-07
383;893;-1.69E-07
383;945;-1.69E-07
383;965;-1.69E-07
383;980;-1.69E-07
384;384;1
385;385;1
386;386;1
386;390;-0.42432
387;131;-1.82
387;237;-1.71
387;387;1
387;458;-6.779
387;459;-1.671
387;805;-0.656778523
387;886;-1.4838
387;975;-1.867
388;388;1
389;389;1
389;765;-3.43E-10
390;38;-1.02
390;390;1
391;59;-3.10E-06
391;234;-3.10E-06
391;271;-3.10E-06
391;276;-3.10E-06
391;304;-3.10E-06
391;391;1
391;410;-3.10E-06
391;815;-3.10E-06
391;871;-0.31
391;912;-3.10E-06
392;123;-0.029739747
392;392;1
392;640;-0.017514091
392;859;-0.002206271
392;919;-0.001439316
393;123;-0.003414539
393;393;1
393;640;-0.001073062
393;859;-0.000943475
394;394;1
394;408;-0.3
395;395;1
396;299;-14.71034758
396;396;1
397;41;-5.28E-05
397;345;-0.000109944
397;380;-2.43E-05
397;397;1
397;717;-7.63E-05
397;727;-5.36E-05
397;736;-3.31E-05
397;741;-3.12E-05
397;838;-5.24E-05
397;949;-9.83E-05
398;398;1
398;405;-1.110666667
398;850;-0.086218487
399;399;1
400;41;-1.811333333
400;66;0.001866745
400;83;-1.82
400;116;-1.91
400;123;-2.170154713
400;174;-4.021359605
400;274;-2.85
400;294;-1.91
400;345;-1.811333333
400;380;-1.811333333
400;400;1
400;446;-2.85
400;640;-0.00123045
400;648;-2.85
400;717;-1.811333333
400;727;-1.811333333
400;736;-1.811333333
400;741;-1.811333333
400;789;-1
400;838;-1.811333333
400;849;-1.91
400;852;-2.85
400;859;-1.669549115
400;888;-1.91
400;910;-1.91
400;919;-1.456483913
400;937;-5.3592
400;949;-1.811333333
400;985;-0.06
401;401;1
401;752;-1.01
402;402;1
403;69;-0.002788104
403;403;1
404;404;1
405;336;-0.073529412
405;405;1
406;231;-0.55
406;406;1
406;742;-0.34
407;407;1
408;95;-1.69E-08
408;408;1
409;123;-0.016968544
409;380;-0.015920868
409;409;1
409;741;-0.013626561
409;859;-0.013045597
410;410;1
410;723;-120
411;59;-4.44E-06
411;234;-4.44E-06
411;271;-4.44E-06
411;276;-4.44E-06
411;304;-4.44E-06
411;410;-4.44E-06
411;411;1
411;458;-0.0008383
411;815;-4.44E-06
411;871;-0.11
411;912;-4.44E-06
412;258;-1
412;383;-499
412;412;1
412;621;-0.91
412;724;-0.25
412;813;-0.12
413;303;-97.5
413;413;1
414;212;-1.02
414;414;1
415;408;-0.00042
415;415;1
416;98;-0.031
416;416;1
417;131;-0.25
417;417;1
417;808;-8.333333333
417;959;-4760
417;975;-0.164
418;418;1
418;728;-1
419;419;1
419;530;-1.02
420;420;1
420;455;-0.032
421;408;-0.06
421;421;1
422;422;1
422;728;-1
423;423;1
424;424;1
424;496;-125
425;140;-2.24E-10
425;425;1
426;426;1
426;640;-0.004500304
427;271;-4.77E-08
427;276;-5.11E-08
427;410;-4.67E-08
427;427;1
427;912;-5.29E-08
428;428;1
429;73;-0.94
429;429;1
430;20;-0.072307692
430;430;1
431;37;-1
431;211;-1
431;250;-45
431;358;-440
431;383;-1180
431;431;1
67;458;-0.000413247
67;459;-0.00978
67;469;-0.155
431;497;-1
431;595;-1
67;695;-0.1705
431;724;-0.086
431;813;-0.041
67;886;-0.021846
67;957;-0.01
431;960;-0.15
432;158;-1.032
432;432;1
433;380;-0.092111504
433;433;1
433;741;-0.078837601
434;116;-0.0078658
434;232;-9.00E-05
434;294;-0.007187752
434;434;1
434;446;-0.005022
434;458;-0.0008383
434;501;-8.80E-05
434;700;-8.80E-05
434;888;-0.071221
434;910;-0.0002412
434;938;-1.25
435;435;1
435;462;-0.99496584
436;303;-52.5
436;436;1
436;444;-120
437;66;-0.001467487
437;271;-5.00E-07
437;276;-5.37E-07
437;410;-4.91E-07
437;437;1
437;912;-5.55E-07
437;957;-0.0005529
438;41;-0.000424971
438;345;-0.000162619
438;380;-0.000283441
438;438;1
438;717;-0.000125045
438;727;-0.00057398
438;736;-0.000436985
438;741;-0.000242595
438;838;-0.000514151
438;949;-0.000181566
439;439;1
440;440;1
440;648;-0.013764
440;852;-0.0042594
441;123;-0.00065364
441;408;-3
441;441;1
441;859;-0.000508149
442;140;-3.31E-12
442;442;1
443;443;1
444;444;1
444;502;-1.10E-07
445;445;1
446;446;1
446;570;-1.00057
447;143;0.701402806
447;414;-0.007398
447;419;-0.012439
447;447;1
447;830;-0.007398
447;880;-0.012439
447;938;0.05
448;408;158
448;448;1
449;449;1
450;450;1
450;728;-1
451;451;1
451;858;-0.03
452;98;-0.000482
452;272;-0.0144
452;452;1
453;104;-0.039529412
453;453;1
454;454;1
455;326;-0.87
455;455;1
456;123;-0.000636957
456;456;1
456;859;-0.000491868
457;457;1
457;789;-7.44E-05
458;458;1
459;339;-4000
459;459;1
460;418;-274
460;459;-0.01956
460;460;1
461;461;1
461;980;-1.02
462;462;1
462;974;-1
463;463;1
463;819;-1
464;458;-0.00808
464;464;1
465;465;1
465;685;-0.048
466;466;1
467;467;1
468;468;1
469;469;1
470;408;-0.0012
470;470;1
471;471;1
471;698;-0.0185
472;459;-0.002380952
472;472;1
473;116;-0.00314632
473;294;-0.00435006
473;473;1
473;888;-0.00620688
474;474;1
475;475;1
476;476;1
477;408;-270
477;477;1
478;26;0.000168
478;215;0.000168
478;333;0.000168
478;478;1
478;570;0.000168
478;591;0.000168
478;636;0.000168
478;758;0.000168
478;867;0.000168
478;901;0.000168
478;907;0.000168
478;939;0.000168
479;59;-0.0031701
479;123;-0.066476514
479;234;-0.003170109
479;271;-0.003169799
479;272;-0.25
479;276;-0.003169847
479;304;-0.0031701
479;410;-0.003169483
479;479;1
479;640;-0.140190631
479;815;-0.003170109
479;859;-0.127348569
479;912;-0.003169788
479;919;-0.030272832
480;480;1
481;481;1
481;782;-1
482;482;1
482;763;-1.252
483;41;-0.059495911
483;123;-0.039873838
483;345;-0.013009525
483;380;-0.036847306
483;483;1
483;717;-0.007502692
483;727;-0.068877551
483;736;-0.061177918
483;741;-0.031537355
483;838;-0.051415106
483;859;-0.030667809
483;949;-0.014525247
484;484;1
484;692;14400000
484;959;9520
485;390;-6.7272
485;485;1
486;458;-0.452
486;486;1
486;886;-0.0001575
487;458;-6.60E-06
487;487;1
488;488;1
488;877;-0.875
489;489;1
489;529;0.11
490;490;1
490;587;-0.051338367
491;491;1
492;123;-9.154277654
492;492;1
492;640;-1.199211836
492;859;-0.494586991
492;919;-0.65915639
493;123;-0.028379846
493;493;1
493;640;-0.005606638
493;859;-0.006955895
493;919;-0.022311715
494;261;-1
494;494;1
495;495;1
495;789;-9.89E-10
496;496;1
496;502;-1.10E-07
497;497;1
497;894;-0.38
498;408;237
498;498;1
499;34;-1
499;125;-1
499;499;1
500;123;-0.002085375
500;500;1
500;640;-0.004017128
500;859;-0.001486672
500;919;-0.002113044
501;274;-37.9254
501;501;1
502;502;1
502;789;-1
503;174;-0.000824484
503;271;-1.31E-07
503;276;-1.41E-07
503;410;-1.28E-07
503;503;1
503;718;-0.000839543
503;912;-1.45E-07
503;957;-0.00856
504;73;-0.04
504;217;-0.04
504;222;-0.04
504;326;-0.08
504;504;1
505;408;-20
505;505;1
506;506;1
507;123;-0.025295451
507;507;1
507;640;-0.015709704
507;859;-0.020124113
508;66;-0.00274928
508;271;-4.77E-07
508;276;-5.11E-07
508;410;-4.67E-07
508;508;1
508;912;-5.29E-07
508;957;-0.00727
509;509;1
510;20;-0.189230769
510;510;1
511;511;1
511;554;-50
511;571;-70
511;819;-8.25
512;512;1
513;69;-0.004139405
513;403;-0.00539653
513;482;-5.281948882
513;513;1
513;763;-2.348
514;40;-24.73995958
514;131;-0.25
514;140;-7.95E-14
514;284;-0.25
514;383;-2940
514;514;1
514;957;-0.45
515;68;-0.0142
515;515;1
516;261;-1
516;516;1
517;517;1
518;518;1
519;131;-0.001
519;519;1
519;640;-0.001456041
519;692;-1120000
519;776;-0.024390244
519;922;-0.01874
519;957;-0.0158
520;408;-0.003
520;520;1
521;157;-0.55
521;429;-0.55
521;521;1
522;522;1
522;640;-0.003590232
523;174;-2.208687504
523;523;1
524;524;1
524;938;-0.09
525;525;1
525;640;-0.006135455
526;59;-0.074890318
526;66;-0.022390208
526;123;-0.043392665
526;276;-0.074352448
526;396;-0.001629107
526;410;-0.021753822
526;526;1
526;640;-0.025368283
526;680;-0.702040816
526;815;-0.004903199
526;859;-0.037153912
526;919;-0.002612283
526;957;-2.456
527;527;1
527;765;-0.000238
528;528;1
528;640;-0.003431684
529;231;-0.57
529;529;1
529;742;-0.34
530;530;1
531;531;1
532;532;1
532;692;828000000
533;90;-0.35
533;151;-0.51
533;210;-1
533;275;-0.0088
533;300;-0.3
533;379;-1
533;405;-1.006
533;465;-0.042
533;533;1
533;581;-0.47
533;611;-1
533;621;-0.091
533;637;-1
533;724;-0.17
533;813;-0.14
533;851;-1
533;866;-0.029
533;960;-0.031
533;964;-1
534;26;6.89E-07
534;57;-0.007398
534;215;6.89E-07
534;333;6.89E-07
534;461;-0.012439
534;534;1
534;570;6.89E-07
534;591;6.89E-07
534;636;6.89E-07
534;690;-0.007398
534;758;6.89E-07
534;823;-0.012439
534;867;6.89E-07
534;901;6.89E-07
534;907;6.89E-07
534;939;6.89E-07
535;535;1
536;536;1
536;915;4
537;537;1
538;39;-42840
538;347;-0.225
538;538;1
539;539;1
540;540;1
540;957;-4.58E-06
541;541;1
541;849;-35.1616
541;876;-1.8388
542;163;-4.23E-09
542;182;-4.22E-06
542;542;1
543;543;1
544;544;1
545;545;1
546;546;1
547;547;1
548;271;-4.77E-08
548;276;-5.11E-08
548;410;-4.67E-08
548;548;1
548;912;-5.29E-08
549;408;-60
549;458;-0.01257
549;469;-0.07537
549;549;1
549;695;-0.03038
550;40;-77.31237368
550;151;-0.38
550;430;-0.5
550;458;-0.016385205
550;459;-0.0307
550;490;-0.5
550;550;1
550;581;-0.32
550;611;-1
550;851;-1
550;886;-0.18544
551;551;1
551;925;-3.54
552;552;1
552;888;-0.00070484
553;553;1
554;502;-1.10E-07
554;554;1
555;408;-0.9
555;555;1
556;556;1
557;257;-0.106
557;378;-0.106
557;557;1
557;558;-0.12
558;118;-0.16
558;558;1
558;956;-0.16
559;559;1
559;596;-0.0005
560;560;1
561;123;-1.743917384
561;561;1
561;640;-0.301456783
561;859;-0.112905866
561;919;-0.165919659
562;40;-46.38742421
562;562;1
562;634;-0.053140097
563;458;-0.000549497
563;563;1
563;648;-0.00372
563;852;-0.0036084
564;564;1
565;59;-1.39E-07
565;234;-1.39E-07
565;271;-1.39E-07
565;276;-1.39E-07
565;304;-1.39E-07
565;410;-1.39E-07
565;565;1
565;815;-1.39E-07
565;912;-1.39E-07
566;379;-0.3
566;566;1
567;567;1
568;568;1
569;40;-34.01744442
569;172;-0.9
569;383;-5210
569;418;-7752
569;569;1
569;571;-400
569;612;-300
569;666;-0.11388172
569;692;-7200000
569;819;-73
569;850;-0.089411765
569;896;-0.875
570;570;1
571;18;-7.533333333
571;571;1
571;749;-4.3
572;127;-1
572;572;1
573;542;-5120
573;573;1
574;574;1
575;123;-0.031342395
575;575;1
575;640;-0.004641188
575;859;-0.001664965
575;919;-0.002219033
576;576;1
577;577;1
577;640;-0.00196238
578;39;-10
578;383;-87.5
578;578;1
579;579;1
579;640;-0.006072866
580;59;-2.60E-06
580;234;-2.60E-06
580;271;-2.60E-06
580;276;-2.60E-06
580;304;-2.60E-06
580;410;-2.60E-06
580;580;1
580;815;-2.60E-06
580;912;-2.60E-06
581;581;1
581;894;-0.4
582;347;-0.00328
582;582;1
583;583;1
583;640;-0.003944695
584;471;-0.27397
584;572;-600
584;584;1
585;585;1
585;919;-0.002625085
586;586;1
586;925;-1418
587;587;1
588;588;1
589;502;-1.10E-07
589;589;1
590;590;1
591;591;1
592;592;1
593;123;-0.367488613
593;593;1
593;640;-0.048194497
593;859;-0.019867355
593;919;-0.026474262
594;123;-0.041387056
594;594;1
594;640;-0.00694961
594;859;-0.00284985
594;919;-0.003533872
595;595;1
595;744;-0.57
596;294;-31.1168
596;596;1
597;123;-0.01629543
597;597;1
597;640;-0.0028171
597;859;-0.003758319
597;919;-0.001276785
598;116;-0.15276
598;158;-0.02417
598;274;-0.15252
598;294;-0.16302
598;598;1
598;648;-0.15252
598;849;-0.15276
598;852;-0.15252
598;888;-0.15276
598;910;-0.0938
598;948;-0.1504
599;455;-0.1
599;599;1
600;39;-500
600;59;0.005164605
600;234;0.001285284
600;271;0.004903064
600;276;0.010277595
600;304;0.005604132
600;410;0.004676339
600;600;1
600;662;-3.2
600;723;-3.2
600;815;0.000845949
600;912;0.01084677
601;601;1
602;602;1
603;123;-0.009290225
603;603;1
603;640;-0.048639713
603;859;-0.000941711
604;604;1
604;866;-0.97
605;605;1
606;408;-0.009
606;606;1
607;59;-2.33E-07
607;234;-2.33E-07
607;271;-2.33E-07
607;276;-2.33E-07
607;304;-2.33E-07
607;410;-2.33E-07
607;607;1
607;815;-2.33E-07
607;912;-2.33E-07
608;608;1
609;131;-0.001
609;609;1
609;776;-0.024390244
609;922;-0.01874
609;957;-0.0158
610;358;-220
610;610;1
611;102;-0.21
611;611;1
612;227;-8.06E-06
612;612;1
613;408;-9.05
613;613;1
614;614;1
615;615;1
615;978;-1.026
616;616;1
616;666;-0.319892473
616;850;-0.249327731
616;896;-0.075
617;123;-2.205910697
617;380;-2.069712841
617;617;1
617;640;-0.001555824
617;741;-1.771452951
617;859;-1.695927659
617;919;-0.001099231
618;158;-3.30E-05
618;446;-0.001410159
618;618;1
619;619;1
620;231;-0.57
620;620;1
620;742;-1.026
621;621;1
621;685;-0.0016
622;73;-4.00E-10
622;157;-4.60E-10
622;174;-5.98E-10
622;222;-4.00E-10
622;231;-4.00E-10
622;429;-4.60E-10
622;455;-4.00E-10
622;558;-4.00E-10
622;622;1
622;711;-4.00E-10
622;718;-6.09E-10
622;742;-4.00E-10
623;623;1
624;83;-3.641602319
624;98;-4.68
624;118;-100
624;123;-0.013777705
624;157;-5.5
624;272;-15.73
624;347;-12.5
624;395;-0.0014
624;429;-5.5
624;455;-1.5
624;624;1
624;640;-0.006547744
624;859;-0.011094694
624;956;-100
624;985;-3.641602319
625;69;-0.001607807
625;143;-0.000156268
625;148;-0.035971223
625;267;-0.000526924
625;299;-0.076268478
625;319;-0.007211692
625;336;-0.00146
625;403;-0.002579926
625;435;-0.23154848
625;615;-0.001949318
625;625;1
625;642;-0.0585
625;680;-0.092764378
625;687;-0.002915423
625;835;-0.004888278
625;974;-0.152606976
625;978;-0.00078
626;123;-0.001072739
626;408;-6
626;626;1
626;640;-0.00245437
626;859;-0.000701237
627;627;1
627;813;-0.016
628;90;-0.35
628;300;-0.3
628;628;1
629;408;-0.0148
629;629;1
629;640;-0.001351578
630;496;-818
630;630;1
631;271;-2.38E-09
631;276;-2.56E-09
631;410;-2.34E-09
631;631;1
631;912;-2.64E-09
632;408;5
632;632;1
633;633;1
633;789;-0.021
634;70;-0.599702995
634;634;1
635;635;1
636;636;1
637;637;1
637;940;-0.00096
638;380;-3.43E-06
638;638;1
638;741;-1.20E-07
639;639;1
640;640;1
641;459;-0.0221
641;641;1
641;886;-7.87E-05
641;975;-0.000481785
642;172;-7.14
642;183;-0.051106301
642;336;-0.7444
642;642;1
642;666;-0.213688172
642;850;-0.166218487
643;643;1
643;940;-0.87
644;644;1
644;886;-0.0003412
644;975;-0.0026
645;645;1
646;510;-0.9
646;646;1
647;647;1
648;333;-1.00057
648;648;1
649;57;-2.86E-07
649;649;1
649;690;-2.86E-07
650;408;-0.003
650;650;1
651;59;-4.00E-07
651;234;-4.00E-07
651;271;-4.00E-07
651;276;-4.00E-07
651;294;-0.00189149
651;304;-4.00E-07
651;410;-4.00E-07
651;651;1
651;815;-4.00E-07
651;888;-0.02830348
651;912;-4.00E-07
652;44;-0.0003
652;68;-0.0001
652;140;-0.0001751
652;432;-0.00041
652;541;-0.00015
652;596;-0.0003
652;652;1
653;275;-0.0057
653;653;1
654;41;-0.000105756
654;345;-2.77E-06
654;380;-0.000173182
654;654;1
654;717;-1.91E-06
654;727;-0.0001354
654;736;-0.000138851
654;741;-0.000119691
654;838;-0.000168879
654;949;-2.43E-06
655;39;-3250
655;655;1
655;886;-0.11471
656;587;-0.131503089
656;656;1
657;458;-0.004371788
657;657;1
657;886;-0.000285
658;20;-3
658;98;-1.3
658;118;-4
658;347;-3.47
658;395;-0.0004
658;572;-1000
658;587;-4
658;658;1
658;938;-1.88
658;956;-4
659;123;-0.306744984
659;640;-0.068032803
659;659;1
659;859;-0.025987896
659;919;-0.032092581
660;257;-0.894
660;378;-0.894
660;558;-0.88
660;660;1
661;494;-0.000187891
661;661;1
662;619;-1.02
662;662;1
663;663;1
663;728;-1
664;664;1
665;665;1
666;666;1
667;41;-4.22E-05
667;345;-0.000227674
667;380;-1.83E-05
667;667;1
667;717;-0.00015698
667;727;-3.98E-05
667;736;-2.59E-05
667;741;-2.49E-05
667;838;-3.86E-05
667;949;-0.000199796
668;275;-0.0068
668;458;-0.012259
668;581;-0.078
668;668;1
668;813;-0.057
669;132;-0.01
669;669;1
670;459;-0.006943
670;670;1
671;671;1
672;272;-1.8
672;455;-46
672;672;1
673;123;-0.005712065
673;640;-1.869088968
673;673;1
673;859;-0.001260283
674;674;1
675;227;-0.000176554
675;675;1
676;676;1
676;728;-1
677;275;-0.0002
677;379;-0.6
677;621;-0.091
677;677;1
677;724;-0.17
677;960;-0.031
677;964;-1
678;678;1
679;679;1
680;482;-6.281948882
680;680;1
680;763;-2.912
681;681;1
682;271;-2.86E-07
682;276;-3.07E-07
682;410;-2.80E-07
682;682;1
682;912;-3.17E-07
683;22;-0.089
683;275;-0.11
683;683;1
684;684;1
684;765;-0.01866
685;360;-0.59
685;685;1
686;380;-2.09E-05
686;686;1
686;741;-7.83E-06
687;687;1
687;835;-0.92032967
688;41;-0.024379183
688;345;-0.024931962
688;380;-0.003960795
688;542;-3310000
688;688;1
688;717;-0.012632606
688;727;-0.028685587
688;736;-0.023041643
688;741;-0.003390017
688;838;-0.020426895
688;949;-0.032156204
689;178;-0.428571429
689;689;1
690;295;-1.02
690;690;1
691;691;1
691;899;-2.34E-08
692;83;-6.70E-12
692;692;1
692;985;-6.70E-12
693;693;1
694;444;-13000
694;694;1
695;695;1
696;640;-0.00110105
696;696;1
697;554;-2
697;697;1
698;227;-0.50779661
698;331;-1.02
698;488;-0.07
698;698;1
698;877;-0.125
699;699;1
700;700;1
700;852;-37.223436
701;542;-10.4
701;701;1
702;702;1
703;66;-0.000506782
703;703;1
704;123;-0.001643879
704;640;-0.001749565
704;704;1
704;859;-0.001092457
704;919;-0.002506999
705;408;-0.2
705;705;1
706;39;-100
706;706;1
707;59;-4.46E-12
707;234;-4.46E-12
707;271;-4.46E-12
707;276;-4.46E-12
707;304;-4.46E-12
707;390;-7.00E-10
707;410;-4.46E-12
707;707;1
707;815;-4.46E-12
707;912;-4.46E-12
708;95;-2.54E-11
708;163;-8.04E-11
708;708;1
708;789;-2.54E-11
709;347;-0.00341
709;709;1
709;808;-5.008333333
710;39;-9000
710;284;-0.7188
710;634;-0.338164251
710;692;-7200000
710;710;1
710;886;-0.439788949
710;922;-0.8439
711;711;1
711;744;-0.43
712;712;1
713;713;1
714;455;-1
714;714;1
715;26;-0.000689
715;215;-0.000689
715;333;-0.000689
715;458;-0.28
715;570;-0.000689
715;591;-0.000689
715;636;-0.000689
715;687;-0.175422886
715;715;1
715;758;-0.000689
715;805;-5.646979866
715;835;-0.449542125
715;867;-0.000689
715;886;-0.01984
715;901;-0.000689
715;907;-0.000689
715;938;-55
715;939;-0.000689
715;975;-20.49180328
716;172;-0.9
716;716;1
717;332;-0.549462006
717;717;1
717;828;-0.398867047
718;234;-0.028272026
718;271;-0.027806439
718;304;-0.028271764
718;718;1
718;912;-0.028370195
719;267;-0.000623419
719;396;-0.00020744
719;680;-0.000474026
719;719;1
720;33;-1
720;34;-1
720;90;-0.65
720;100;-1
720;125;-1
720;172;-0.6
720;300;-0.7
720;581;-0.5
720;643;-1
720;666;-0.383870968
720;720;1
721;123;-0.002901753
721;640;-0.001122933
721;721;1
721;859;-0.002377375
722;722;1
722;957;-0.000223
723;306;-1.02
723;723;1
724;685;-0.034
724;724;1
725;66;-0.000146036
725;725;1
726;726;1
727;727;1
727;828;-0.04191797
727;879;-0.152942248
728;728;1
729;729;1
729;852;-0.00744
730;380;-2.93E-06
730;730;1
730;741;-7.29E-07
731;123;-0.000633126
731;731;1
731;859;-0.000488943
732;459;-1.24E-06
732;732;1
733;529;0.11
733;733;1
734;734;1
735;123;-2.26E-05
735;735;1
735;859;-0.001121137
735;938;-1.37
736;736;1
736;828;-0.137466327
736;879;-0.501560768
737;737;1
738;738;1
739;692;-345000
739;739;1
740;237;-0.05
740;284;-0.03125
740;510;-0.015
740;634;-0.048309179
740;637;-0.25
740;740;1
740;808;-0.483333333
740;813;-0.0036
740;829;-0.1
740;886;-0.00811
740;957;-0.045
740;975;-0.1665
741;741;1
741;751;-0.770884076
742;429;-0.95
742;742;1
743;680;-0.989795918
743;743;1
744;118;-0.39
744;744;1
744;956;-0.39
745;21;-18.5
745;41;-19.6
745;44;-1
745;68;-1
745;123;-23.7954066
745;158;-1
745;174;-55.5
745;345;-20.4
745;380;-20.4
745;401;-1
745;432;-1
745;467;-1
745;501;-1
745;541;-1
745;596;-1
745;640;-0.116199895
745;717;-19.6
745;718;-55.5
745;727;-20.4
745;736;-19.6
745;741;-19.6
745;745;1
745;752;-1
745;838;-20.4
745;859;-18.26325839
745;919;-0.030051097
745;948;-1
745;949;-20.4
746;20;-10.8
746;118;-14.4
746;587;-14.4
746;746;1
746;956;-14.4
747;444;-500
747;589;-854
747;747;1
748;59;-7.36E-06
748;234;-7.36E-06
748;271;-7.36E-06
748;276;-7.36E-06
748;304;-7.36E-06
748;410;-7.36E-06
748;748;1
748;815;-7.36E-06
748;912;-7.36E-06
748;959;-26700
749;749;1
750;57;-5.35E-10
750;414;-5.35E-10
750;419;-5.35E-10
750;690;-5.35E-10
750;750;1
750;830;-5.35E-10
750;880;-5.35E-10
751;414;-10.2846
751;419;-11.6966
751;751;1
751;830;-10.2846
751;880;-11.6966
752;752;1
752;888;-51.83924
753;753;1
754;754;1
755;73;-0.41
755;217;-0.598055683
755;222;-0.41
755;326;-0.28
755;711;-0.94
755;755;1
756;756;1
757;408;-0.03
757;757;1
758;758;1
759;123;-0.008993996
759;640;-0.009387609
759;759;1
759;859;-0.002937378
759;919;-0.001826533
760;140;-0.0003893
760;294;-0.007565844
760;760;1
761;761;1
762;272;1.8
762;762;1
763;687;-0.97960199
763;763;1
764;347;-0.0062
764;764;1
765;174;-0.011457566
765;718;-0.013959316
765;765;1
766;123;-0.011099452
766;640;-0.001544377
766;766;1
766;859;-0.001178124
767;542;-26
767;767;1
768;408;-0.18
768;768;1
769;41;-3.99E-06
769;345;-3.29E-05
769;717;-2.21E-05
769;727;-5.19E-06
769;736;-4.14E-06
769;769;1
769;838;-5.92E-06
769;949;-2.88E-05
770;172;-0.9
770;770;1
771;771;1
772;172;-0.6
772;206;-1
772;237;-0.3
772;383;-499
772;458;-0.7356
772;571;-50
772;666;-0.459365591
772;772;1
772;819;-1
772;850;-0.059579832
772;886;-0.01304
772;915;-3
772;922;-0.1571
772;957;-0.15
773;80;-0.00030042
773;174;-0.0004287
773;401;-1.23E-08
773;541;-1.00E-08
773;718;-0.00043653
773;773;1
773;799;-7.00E-07
773;888;-0.00013132
773;899;-0.00030042
774;22;-0.1
774;102;-0.1
774;116;-0.32964
774;158;-0.0104257
774;232;-0.0035
774;274;-0.15996
774;294;-0.1716
774;339;-800
774;501;-0.0029
774;571;-120
774;643;-0.1
774;648;-0.15996
774;685;-0.1
774;752;-0.0035
774;774;1
774;805;-0.1
774;819;-36.05
774;849;-0.1608
774;852;-0.15996
774;876;-0.0183
774;888;-0.1608
774;910;-0.201
774;940;-0.1
774;948;-0.039
775;41;-0.019249603
775;345;-0.042744787
775;717;-0.032868325
775;727;-0.02599915
775;736;-0.019793808
775;775;1
775;838;-0.023289139
775;949;-0.047724921
776;776;1
777;777;1
778;271;-4.77E-09
778;276;-5.11E-09
778;410;-4.67E-09
778;778;1
778;912;-5.29E-09
779;390;-0.22848
779;779;1
780;250;-15
780;358;-220
780;780;1
781;640;-7.096513718
781;781;1
782;261;-0.084508327
782;782;1
783;132;-1.120056497
783;783;1
783;975;-0.1665
784;784;1
785;250;-45
785;358;-440
785;785;1
786;231;-0.88
786;742;-0.88
786;786;1
787;458;-0.055656733
787;787;1
788;80;-1.39E-05
788;788;1
788;899;-1.39E-05
789;227;-2.768361582
789;488;-1.57
789;789;1
790;698;-2.97E-06
790;790;1
791;98;-3.33E-07
791;347;-3.33E-07
791;791;1
792;792;1
793;793;1
794;794;1
794;899;-0.041393706
795;80;-1.20E-06
795;396;-0.007428727
795;680;-3.440630798
795;795;1
795;899;-1.20E-06
796;174;-0.000183857
796;718;-0.000187215
796;796;1
797;797;1
797;938;-0.49
798;123;-0.002591787
798;798;1
798;859;-0.001999535
799;232;-1.02459
799;799;1
800;408;-0.018
800;800;1
801;408;-200
801;801;1
802;408;-0.3
802;802;1
803;458;-0.001268
803;803;1
804;804;1
805;805;1
806;118;-1.90E-08
806;395;-1.90E-08
806;685;-1.90E-08
806;806;1
806;956;-1.90E-08
807;640;-0.001203265
807;807;1
808;698;-8.19E-06
808;808;1
809;272;-0.01
809;809;1
810;542;-187
810;810;1
811;811;1
812;496;-0.17
812;812;1
813;22;-0.3
813;813;1
814;814;1
815;761;-122.4
815;815;1
816;816;1
817;41;-0.000424971
817;345;-0.000162619
817;380;-0.000283441
817;717;-0.000125045
817;727;-0.00057398
817;736;-0.000436985
817;741;-0.000242595
817;817;1
817;838;-0.000514151
817;949;-0.000181566
818;818;1
819;18;-1
819;749;-1
819;819;1
820;66;-0.14706291
820;123;-0.149805037
820;390;-18.024
820;640;-0.176057542
820;820;1
820;859;-0.027202515
820;919;-0.013112177
821;44;-0.0001
821;68;-5.00E-05
821;432;-9.00E-05
821;541;-5.00E-05
821;596;-0.0001
821;821;1
822;822;1
823;823;1
823;893;-1.02
824;824;1
824;925;-9000
825;174;-6.63E-05
825;718;-8.33E-05
825;825;1
826;66;-0.000115446
826;826;1
827;471;-1.6438
827;827;1
828;57;-10.2846
828;461;-11.6966
828;690;-10.2846
828;823;-11.6966
828;828;1
829;360;-0.11
829;829;1
830;737;-1.02
830;830;1
831;831;1
831;888;-0.0051992
832;272;-13.75
832;832;1
833;66;-0.000126245
833;833;1
834;834;1
834;886;-0.03379
835;2;-1.075862069
835;835;1
836;836;1
837;57;-7.936385
837;66;-0.001881155
837;116;-0.4288
837;123;-0.878738609
837;174;-1.371359605
837;234;-0.004903199
837;271;-0.021570374
837;294;-0.4288
837;304;-0.074035582
837;414;-18.62
837;419;-21.1966
837;461;-21.1966
837;640;-0.001232538
837;648;-1.6368
837;690;-18.62614
837;718;-2.771935887
837;823;-1.5237
837;830;-7.9364
837;837;1
837;849;-0.4288
837;852;-0.1488
837;859;-0.168499031
837;880;-1.5237
837;912;-0.074294304
837;919;-1.230453213
837;937;-3.408342
838;828;-0.067762131
838;838;1
838;879;-0.247237468
839;430;-1
839;490;-1
839;808;-3.217910448
839;839;1
840;379;-0.1
840;458;-0.003162601
840;459;-0.019558
840;666;-0.060139785
840;840;1
840;850;-0.047058824
840;896;-0.05
841;172;-3.06
841;615;-0.009892788
841;841;1
842;808;-3.217910448
842;842;1
843;66;-0.000505521
843;843;1
844;458;-0.00119
844;844;1
845;123;-0.000627954
845;345;-0.002325581
845;380;-0.002272727
845;727;-0.002040816
845;838;-0.002325581
845;845;1
845;859;-0.000480747
845;949;-0.002040816
846;459;-0.0002934
846;846;1
847;847;1
848;848;1
848;957;-0.000129
849;849;1
849;901;-1.00057
850;850;1
851;118;-0.022
851;851;1
851;956;-0.022
852;852;1
852;939;-1.00057
853;390;-3.97E-09
853;853;1
854;458;-0.002076207
854;813;-0.016
854;854;1
855;855;1
856;84;-57
856;131;-1
856;237;-0.6
856;284;-0.25
856;450;-145
856;469;-0.3317
856;695;-0.3298
856;776;-1
856;856;1
856;858;-0.96985
856;868;-16000
856;886;-0.439788949
856;922;-0.8439
856;957;-0.45
856;975;-0.5027
857;542;-3330
857;857;1
858;858;1
859;859;1
860;860;1
861;861;1
862;57;-2.55E-09
862;59;-2.12E-11
862;234;-2.12E-11
862;271;-2.12E-11
862;276;-2.12E-11
862;304;-2.12E-11
862;410;-2.12E-11
862;414;-2.55E-09
862;419;-2.55E-09
862;461;-2.55E-09
862;690;-2.55E-09
862;815;-2.12E-11
862;823;-2.55E-09
862;830;-2.55E-09
862;862;1
862;880;-2.55E-09
862;912;-2.12E-11
863;863;1
864;542;5120
864;864;1
865;271;-2.38E-08
865;276;-2.56E-08
865;410;-2.34E-08
865;865;1
865;912;-2.64E-08
866;22;-0.13
866;866;1
867;867;1
868;728;-1
868;868;1
869;640;-0.001322924
869;869;1
870;870;1
871;871;1
871;959;-6600
872;232;-3.00E-05
872;274;-0.014508
872;455;-0.65
872;501;-3.20E-05
872;700;-3.20E-05
872;872;1
873;666;-0.049903226
873;850;-0.039243697
873;873;1
874;408;-0.12
874;874;1
875;554;-1
875;875;1
876;876;1
877;83;-0.98
877;877;1
877;985;-2.26
878;26;-0.0326
878;215;-0.0326
878;332;-0.18
878;333;-0.0326
878;405;-0.222266667
878;408;-81.1
878;542;-315000
878;570;-0.0326
878;591;-0.0326
878;636;-0.0326
878;751;-0.24
878;758;-0.0326
878;828;-0.18
878;867;-0.0326
878;878;1
878;879;-0.18
878;901;-0.0326
878;907;-0.0326
878;939;-0.0326
879;879;1
880;105;-1.02
880;880;1
881;21;-0.74892
881;140;-0.0069788
881;274;-0.03516144
881;294;-0.00467507
881;446;-0.01959882
881;501;-0.0002502
881;541;-0.0006
881;596;-0.00010842
881;849;-0.031589696
881;881;1
881;888;-0.02533136
881;910;-0.031589696
882;41;-0.000601934
882;345;-0.00013085
882;380;-0.001423549
882;717;-0.000199086
882;727;-0.000945493
882;736;-0.00075628
882;741;-0.000616481
882;838;-0.001103913
882;882;1
882;949;-0.000216421
883;116;-1.11756
883;158;-0.321775
883;232;-0.4402
883;274;-1.11972
883;294;-1.19262
883;360;-4.8
883;395;-4.9
883;501;-0.1892
883;648;-1.11972
883;849;-1.11756
883;852;-1.11972
883;883;1
883;888;-1.11756
883;910;-8.819076
884;408;-3.34
884;884;1
885;458;-0.000505023
885;885;1
886;886;1
887;887;1
887;940;-0.023
888;591;-1.00057
888;888;1
889;383;210000
889;889;1
890;890;1
891;347;-2.95
891;891;1
892;892;1
893;893;1
894;20;-0.030769231
894;118;-0.0067
894;587;-0.031297186
894;894;1
894;956;-0.0067
895;829;-0.46
895;895;1
896;896;1
897;69;-1.68E-07
897;403;-2.42E-06
897;435;-2.79E-05
897;462;-2.22E-05
897;469;-0.06307
897;482;-0.00062484
897;494;-1.88E-05
897;634;-0.169082126
897;687;-0.000178408
897;695;-0.0571
897;763;-0.007503
897;897;1
897;940;-0.048
897;963;-0.000124279
898;88;-0.1
898;898;1
899;899;1
900;408;-6
900;900;1
901;901;1
902;640;-0.004811497
902;902;1
903;640;-0.005615318
903;903;1
904;250;-180
904;358;-1320
904;458;-0.017635739
904;471;-0.59361
904;572;-1300
904;904;1
904;925;-1180
904;930;-1000
905;123;-0.002430158
905;859;-0.002175498
905;905;1
906;461;-5.35E-10
906;823;-5.35E-10
906;906;1
907;907;1
908;908;1
909;123;-1.259148678
909;640;-0.159044206
909;859;-0.0614751
909;909;1
909;919;-0.08353267
910;867;-1.00057
910;910;1
911;911;1
912;359;-122.4
912;912;1
913;581;-0.025
913;913;1
914;914;1
915;915;1
916;271;-2.38E-12
916;276;-2.56E-12
916;410;-2.34E-12
916;912;-2.64E-12
916;916;1
917;917;1
918;516;-0.001905
918;808;-13.33333333
918;918;1
919;919;1
920;920;1
921;59;-2.50E-05
921;234;-2.50E-05
921;271;-4.26E-06
921;276;-4.58E-06
921;304;-2.50E-05
921;410;-4.18E-06
921;680;-0.009990724
921;815;-2.50E-05
921;912;-4.73E-06
921;921;1
921;957;-0.00708
922;922;1
923;59;-3.00E-07
923;234;-3.00E-07
923;271;-3.00E-07
923;276;-3.00E-07
923;304;-3.00E-07
923;410;-3.00E-07
923;815;-3.00E-07
923;912;-3.00E-07
923;923;1
924;924;1
925;502;-1.10E-07
925;925;1
926;926;1
927;300;-0.7
927;927;1
928;3;-2000
928;36;-0.25
928;38;-0.25
928;105;-0.25
928;212;-0.25
928;253;-0.25
928;295;-0.25
928;303;-4000
928;306;-0.25
928;331;-0.25
928;359;-0.25
928;444;-15000
928;530;-0.25
928;619;-0.25
928;737;-0.25
928;761;-0.25
928;792;-0.25
928;799;-0.006857
928;893;-0.25
928;925;-118
928;928;1
928;945;-0.25
928;965;-0.25
928;980;-0.25
929;66;-0.000785785
929;929;1
930;127;-1
930;930;1
931;39;-20
931;931;1
932;347;-0.00862
932;932;1
933;542;135000
933;933;1
934;934;1
935;935;1
936;936;1
937;718;-2.775044779
937;937;1
938;217;-0.94
938;938;1
939;939;1
940;395;-0.1
940;940;1
941;21;-0.74892
941;44;-0.000108017
941;80;-0.209888988
941;95;-0.00948
941;116;-0.031589696
941;140;-0.0069788
941;158;-0.0017653
941;163;-0.03885
941;174;-0.179372197
941;232;-0.00049762
941;272;-0.55
941;274;-0.03516144
941;294;-0.00467507
941;390;-2.7816
941;432;-0.00083678
941;446;-0.01959882
941;501;-0.0002502
941;541;-0.0006
941;596;-0.00010842
941;648;-0.03516144
941;700;-0.0002502
941;718;-0.182648402
941;765;-0.0344
941;799;-1.88E-05
941;849;-0.031589696
941;852;-0.03516144
941;876;-0.00117872
941;888;-0.02533136
941;899;-0.209888988
941;910;-0.031589696
941;941;1
942;90;-0.03
942;300;-0.03
942;942;1
943;938;-0.46
943;943;1
944;33;-1
944;90;-1
944;100;-1
944;104;-0.039529412
944;258;-1
944;581;-1
944;621;-1
944;634;-0.09057971
944;643;-1
944;724;-1
944;813;-1
944;944;1
945;945;1
946;2;-0.088669951
946;69;-0.300557621
946;267;-0.744127214
946;319;-0.664535282
946;403;-1.594795539
946;435;-0.330463097
946;482;-1.483226837
946;946;1
946;978;-0.03062
947;231;-1.6
947;742;-1.6
947;947;1
948;910;-58.6384
948;948;1
949;332;-0.216191794
949;828;-0.156938571
949;949;1
950;432;-0.00036
950;950;1
951;529;0.0079
951;951;1
952;952;1
953;380;-7.64E-06
953;741;-4.28E-06
953;953;1
954;408;-0.003
954;954;1
955;955;1
956;956;1
957;957;1
958;237;-0.05
958;383;-372
958;469;-0.3749
958;695;-0.4122
958;886;-0.15315
958;957;-0.45
958;958;1
959;488;-1.93E-09
959;959;1
960;685;-0.0049
960;960;1
961;206;-5
961;922;-0.001756
961;961;1
962;123;-0.028048729
962;640;-0.677701921
962;859;-0.003400806
962;919;-0.003705022
962;962;1
963;319;-1.49737383
963;963;1
964;685;-0.028
964;964;1
965;965;1
966;966;1
967;446;-0.066731592
967;967;1
968;968;1
969;88;-0.9
969;663;-143
969;969;1
970;970;1
971;554;-1
971;971;1
972;118;-0.43
972;972;1
973;973;1
974;148;-1
974;974;1
975;975;1
976;819;-1
976;976;1
977;977;1
978;642;-1
978;978;1
979;16;-1
979;471;-0.18493
979;572;-405
979;634;-0.048309179
979;930;-1500
979;979;1
980;980;1
981;39;-130
981;981;1
982;66;-0.001339656
982;123;-0.001086307
982;859;-0.000744767
982;982;1
983;39;-221090
983;250;-30
983;358;-220
983;360;-0.15
983;395;-0.16
983;572;-231.2
983;930;-250
983;983;1
984;66;-0.215992159
984;640;-0.002999151
984;984;1
985;215;-1.00057
985;985;1
986;408;-0.6
986;986;1
